Order,Date_sampled,Time_sampled,Plot,Vegetation,Topography,Depth_increment,Top_core_depth,Bottom_core_depth,Mid_core_depth,Coring_device,Peat_sample_volume,Peat_sample_dry_mass,Bulk_density,Moisture_fraction,Nitrogen,Carbon,C_N_ratio,pH_H2O_method,pH_CaCl2_method,Ash,Lignin,Field_notes,Laboratory_notes,CAMS_Lab_Number,delta_13C_LLNL,Delta_14C_LLNL,Frac_C_Modern_LLNL,14C_Age_LLNL,14C_Age_calibrated_LLNL,14C_Age_calibrated _2-SD_lower_LLNL,14C_Age_calibrated_2-SD_upper_LLNL,Nitrogen_UNH,Carbon_UNH,C_N_ration_UNH,delta_15N_UNH,delta_13C_UNH,Al,B,B_dl,B_fl,Ca,Cd,Cd_dl,Cd_fl,Cr,Cr_dl,Cr_fl,Cu,Cu_dl,Cu_fl,Fe,K,K_dl,K_fl,Mg,Mn,Mn_dl,Mn_fl,Mo,Mo_dl,Mo_fl,Na,Na_dl,Na_fl,Ni,Ni_dl,Ni_fl,P,Pb,Pb_dl,Pb_fl,S,Si,Zn,Zn_dl,Zn_fl,Archive_Dry,Archive_-20_C,Archive_-80_C
,yyyy-mm-dd,hh:mm,,,,,cm,cm,cm,,cm3,g,g/cm3,g H2O/g dry peat,%,%,,pH,pH,%,TBD,none,none,,‰,‰,,YBP,YBP,YBP,YBP,%,%,,‰,‰,ug/g,ug/g,ug/g,,ug/g,ug/g,ug/g,,ug/g,ug/g,,ug/g,ug/g,,ug/g,ug/g,ug/g,,ug/g,ug/g,ug/g,,ug/g,ug/g,,ug/g,ug/g,,ug/g,ug/g,,ug/g,ug/g,ug/g,,ug/g,ug/g,ug/g,ug/g,,,,
1,2012-08-13,12:00,4,N,Hu,1,29,20,25,Hole saw ,820.87,41.7,0.05,4.49,,,,,,,,,,,,,,,,,,,,,,,,,,,,,,,,,,,,,,,,,,,,,,,,,,,,,,,,,,,,,,,No,Yes,Yes
2,2012-08-13,12:00,4,N,Hu,2,20,10,15,Hole saw ,1824.15,46.9,0.03,7.58,0.69,48.38,69.7,3.77,,1.4,,,,,,,,,,,,,,,,,,,,,,,,,,,,,,,,,,,,,,,,,,,,,,,,,,,,,,,,,Yes,Yes,Yes
3,2012-08-13,12:00,4,N,Hu,3,10,0,5,Hole saw ,1368.11,37.3,0.03,11.73,0.85,46.67,55.2,3.74,,2.4,,,,,,,,,,,,,,,,,,,,,,,,,,,,,,,,,,,,,,,,,,,,,,,,,,,,,,,,,Yes,Yes,Yes
4,2012-08-13,12:00,4,N,Hu,1,29,20,25,Hole saw ,820.87,41.7,0.05,4.49,0.79,47.77,60.8,,,,,,,,,,,,,,,,,,,,258,0.0,4.0,V1,2591.2,0.0,1.6,V1,0.0,2.0,V1,7.4,3.0,V0,366.0,3668.9,40.0,V0,797.3,180.8,1.0,V0,0.0,2.0,V1,0.0,40.0,V1,0.0,2.0,V1,788.0,0.0,4.0,V1,670.8,-9999,25.8,1.0,V0,Yes,Yes,Yes
5,2012-08-13,12:00,4,N,Hu,2,20,10,15,Hole saw ,1824.15,46.9,0.03,7.58,0.75,47.48,63.7,,,,,,,,,,,,,,,,,,,,340,0.0,4.0,V1,1664.0,0.0,1.6,V1,0.0,2.0,V1,3.7,3.0,V0,976.5,1402.4,40.0,V0,437.6,60.2,1.0,V0,0.0,2.0,V1,0.0,40.0,V1,0.0,2.0,V1,507.7,9.5,4.0,V0,680.2,-9999,27.4,1.0,V0,Yes,Yes,Yes
6,2012-08-13,12:00,4,N,Hu,3,10,0,5,Hole saw ,1368.11,37.3,0.03,11.73,0.93,46.36,50.0,,,,,,,,,,,,,,,,,,,,857,0.0,4.0,V1,2469.6,0.0,1.6,V1,0.0,2.0,V1,3.7,3.0,V0,3755.0,1127.6,40.0,V0,633.5,68.6,1.0,V0,0.0,2.0,V1,0.0,40.0,V1,0.0,2.0,V1,649.8,25.0,4.0,V0,894.5,-9999,81.6,1.0,V0,Yes,Yes,Yes
7,2012-08-13,12:00,4,N,Hu,4,0,-10,-5,Russian corer,318.56,1.6,0.01,17,,,,,,,,,,,,,,,,,,,,,,,,,,,,,,,,,,,,,,,,,,,,,,,,,,,,,,,,,,,,,,,No,No,No
8,2012-08-13,12:00,4,N,Hu,5,-10,-20,-15,Russian corer,318.56,12.2,0.04,16.16,,,,,,,,,,,,,,,,,,,,,,,,,,,,,,,,,,,,,,,,,,,,,,,,,,,,,,,,,,,,,,,No,Yes,Yes
9,2012-08-13,12:00,4,N,Hu,6,-20,-30,-25,Russian corer,318.56,22.3,0.07,11.95,,,,,,,,,,,,,,,,,,,,,,,,,,,,,,,,,,,,,,,,,,,,,,,,,,,,,,,,,,,,,,,No,Yes,Yes
10,2012-08-13,12:00,4,N,Hu,7,-30,-40,-35,Russian corer,318.56,29.1,0.09,10.07,,,,,,,,,,,,,,,,,,,,,,,,,,,,,,,,,,,,,,,,,,,,,,,,,,,,,,,,,,,,,,,No,Yes,Yes
11,2012-08-13,12:00,4,N,Hu,8,-40,-50,-45,Russian corer,318.56,42.7,0.13,7.76,1.51,50.25,33.2,3.84,,6.5,,,,,,,,,,,,,,,,,,,,,,,,,,,,,,,,,,,,,,,,,,,,,,,,,,,,,,,,,Yes,Yes,Yes
12,2012-08-13,12:00,4,N,Hu,9,-50,-60,-55,Russian corer,318.56,92.5,0.29,4.09,1.62,51.61,31.9,3.86,,10.7,,,,,,,,,,,,,,,,,,,,,,,,,,,,,,,,,,,,,,,,,,,,,,,,,,,,,,,,,Yes,Yes,Yes
13,2012-08-13,12:00,4,N,Hu,10,-60,-70,-65,Russian corer,318.56,75.7,0.24,4.9,2.29,52.82,23.1,3.94,,8.3,,,,,,,,,,,,,,,,,,,,,,,,,,,,,,,,,,,,,,,,,,,,,,,,,,,,,,,,,Yes,Yes,Yes
14,2012-08-13,12:00,4,N,Hu,11,-70,-80,-75,Russian corer,318.56,65.2,0.2,5.66,2.36,53.5,22.7,3.95,,7.3,,,,,,,,,,,,,,,,,,,,,,,,,,,,,,,,,,,,,,,,,,,,,,,,,,,,,,,,,Yes,Yes,Yes
15,2012-08-13,12:00,4,N,Hu,12,-80,-90,-85,Russian corer,318.56,57.1,0.18,6.64,2.56,55.03,21.5,4.06,,5,,,,,,,,,,,,,,,,,,,,,,,,,,,,,,,,,,,,,,,,,,,,,,,,,,,,,,,,,Yes,Yes,Yes
16,2012-08-13,12:00,4,N,Hu,13,-90,-100,-95,Russian corer,318.56,46,0.14,7.37,2.34,55.18,23.6,4.08,,4.5,,,,,,,,,,,,,,,,,,,,,,,,,,,,,,,,,,,,,,,,,,,,,,,,,,,,,,,,,Yes,Yes,Yes
17,2012-08-13,12:00,4,N,Hu,14,-100,-125,-113,Russian corer,530.93,92.9,0.18,7.02,2.59,51.28,19.8,4.28,,10.8,,,,,,,,,,,,,,,,,,,,,,,,,,,,,,,,,,,,,,,,,,,,,,,,,,,,,,,,,Yes,Yes,Yes
18,2012-08-13,12:00,4,N,Hu,15,-125,-150,-138,Russian corer,530.93,91.8,0.17,7.05,2.56,52.24,20.4,4.41,,9.5,,,,,,,,,,,,,,,,,,,,,,,,,,,,,,,,,,,,,,,,,,,,,,,,,,,,,,,,,Yes,Yes,Yes
19,2012-08-13,12:00,4,N,Hu,16,-150,-175,-163,Russian corer,530.93,91.2,0.17,7.18,2.33,52.2,22.4,4.6,,10.5,,,,,,,,,,,,,,,,,,,,,,,,,,,,,,,,,,,,,,,,,,,,,,,,,,,,,,,,,Yes,Yes,Yes
20,2012-08-13,12:00,4,N,Hu,17,-175,-200,-188,Russian corer,530.93,137.6,0.26,4.43,2.34,52.3,22.3,4.66,,10.1,,,,,,,,,,,,,,,,,,,,,,,,,,,,,,,,,,,,,,,,,,,,,,,,,,,,,,,,,Yes,Yes,Yes
21,2012-08-13,12:00,4,N,Ho,1,0,-10,-5,Hole saw,1368.11,49.2,0.04,15.44,1.12,47.22,42.2,3.95,,4.6,,,,162224,-28.98,113.9,1.1139,,-46,-45,-49,1.04,46.29,44.6,-2.31,-28.47,,,,,,,,,,,,,,,,,,,,,,,,,,,,,,,,,,,,,,,,,Yes,Yes,Yes
22,2012-08-13,12:00,4,N,Ho,2,-10,-20,-15,Hole saw,1368.11,42.7,0.03,13.32,1.24,47.61,38.3,3.84,,5,,,,162225,-28.08,187.6,1.1876,,-37,-36,-38,1.15,44.68,38.8,-1.82,-27.35,,,,,,,,,,,,,,,,,,,,,,,,,,,,,,,,,,,,,,,,,Yes,Yes,Yes
23,2012-08-13,12:00,4,N,Ho,3,-20,-30,-25,Hole saw,1368.11,15.4,0.01,14.19,,,,,,,,,,162226,-27.91,111.3,1.1113,,-6,-6,-7,1.11,43.16,39,0.22,-27.18,,,,,,,,,,,,,,,,,,,,,,,,,,,,,,,,,,,,,,,,,No,Yes,Yes
24,2012-08-13,12:00,4,N,Ho,4,-30,-40,-35,Russian corer,318.56,30.8,0.1,9.33,,,,,,,,,,162227,-26.83,-209.7,0.7903,1890,1843,1738,1891,1.33,41.87,31.5,0.27,-26.24,,,,,,,,,,,,,,,,,,,,,,,,,,,,,,,,,,,,,,,,,No,Yes,Yes
25,2012-08-13,12:00,4,N,Ho,5,-40,-50,-45,Russian corer,318.56,31.5,0.1,9.08,,,,,,,,,,162228,-26.66,-89.5,0.9105,755,686,667,726,1.51,44.79,29.7,0.57,-26.02,,,,,,,,,,,,,,,,,,,,,,,,,,,,,,,,,,,,,,,,,No,Yes,Yes
26,2012-08-13,12:00,4,N,Ho,6,-50,-60,-55,Russian corer,318.56,78.1,0.25,4.29,1.53,51.15,33.5,4.03,,12.3,,,,162611,-26.9,-218.1,0.788,1915,,,,1.5,50.48,33.6,1.16,-27.11,,,,,,,,,,,,,,,,,,,,,,,,,,,,,,,,,,,,,,,,,Yes,Yes,Yes
27,2012-08-13,12:00,4,N,Ho,7,-60,-70,-65,Russian corer,318.56,73.2,0.23,4.59,2.17,52.2,24.1,3.94,,10.5,,,,162229,-26.58,-297.2,0.7028,2835,2937,2861,3005,2.27,54.86,24.18,0.58,-26.54,,,,,,,,,,,,,,,,,,,,,,,,,,,,,,,,,,,,,,,,,Yes,Yes,Yes
28,2012-08-13,12:00,4,N,Ho,8,-70,-80,-75,Russian corer,318.56,53.4,0.17,5.93,2.55,53.8,21.1,4,,7.6,,,,,,,,,,,,,,,,,,,,,,,,,,,,,,,,,,,,,,,,,,,,,,,,,,,,,,,,,Yes,Yes,Yes
29,2012-08-13,12:00,4,N,Ho,9,-80,-90,-85,Russian corer,318.56,51.8,0.16,7.46,2.5,55.33,22.2,4.05,,5.4,,,,162251,-26.1,-378.6,0.6262,3760,4123,3993,4235,2.41,53.08,22.1,-0.31,-26.1,,,,,,,,,,,,,,,,,,,,,,,,,,,,,,,,,,,,,,,,,Yes,Yes,Yes
30,2012-08-13,12:00,4,N,Ho,10,-90,-100,-95,Russian corer,318.56,49.7,0.16,7.87,2.32,54.79,23.7,4.03,,5.2,,,,,,,,,,,,,,,,,,,,,,,,,,,,,,,,,,,,,,,,,,,,,,,,,,,,,,,,,Yes,Yes,Yes
31,2012-08-13,12:00,4,N,Ho,11,-100,-125,-113,Russian corer,530.93,81.6,0.15,7.74,2.7,52.14,19.3,4.21,,9.2,,,,162230,-25.97,-419.1,0.5809,4365,4925,4855,5035,2.64,50.07,18.9,0.33,-26.05,,,,,,,,,,,,,,,,,,,,,,,,,,,,,,,,,,,,,,,,,Yes,Yes,Yes
32,2012-08-13,12:00,4,N,Ho,12,-125,-150,-138,Russian corer,530.93,78.5,0.15,7.58,2.58,52.82,20.4,4.38,,8.9,,,,,,,,,,,,,,,,,,,,,,,,,,,,,,,,,,,,,,,,,,,,,,,,,,,,,,,,,Yes,Yes,Yes
33,2012-08-13,12:00,4,N,Ho,13,-150,-175,-163,Russian corer,530.93,82.3,0.15,7.64,2.37,52.7,22.3,4.54,,9.8,,,,162231,-26.71,-530.2,0.4698,6070,6928,6800,7137,2.23,50.36,22.6,1.46,-26.69,,,,,,,,,,,,,,,,,,,,,,,,,,,,,,,,,,,,,,,,,Yes,Yes,Yes
34,2012-08-13,12:00,4,N,Ho,14,-175,-200,-188,Russian corer,530.93,84.2,0.16,7.32,2.35,45.8,19.5,4.64,,21.3,,,Mineral matter?,,,,,,,,,,,,,,,,,,,,,,,,,,,,,,,,,,,,,,,,,,,,,,,,,,,,,,Yes,Yes,Yes
35,2012-08-13,12:00,4,T,Hu,1,23,20,22,Hole saw,410.43,16.2,0.04,1.67,,,,,,,,,,161572,-28.91,40.9,1.0488,,-59,-57,-61,1.37,46.3,33.7,0.63,-28.37,,,,,,,,,,,,,,,,,,,,,,,,,,,,,,,,,,,,,,,,,No,Yes,Yes
36,2012-08-13,12:00,4,T,Hu,2,20,10,15,Hole saw,1368.11,30.4,0.02,3.17,,,,,,,,,,162013,-29.4,46.9,1.0549,,-58,-57,-60,0.91,46.81,51.4,-1.7,-29.35,,,,,,,,,,,,,,,,,,,,,,,,,,,,,,,,,,,,,,,,,No,Yes,Yes
37,2012-08-13,12:00,4,T,Hu,3,10,0,5,Hole saw,1368.11,23.4,0.02,5.61,,,,,,,,,,162014,-28.24,77,1.0853,,-52,-50,-53,1.12,45.28,40.4,0.34,-28.02,,,,,,,,,,,,,,,,,,,,,,,,,,,,,,,,,,,,,,,,,No,Yes,Yes
38,2012-08-13,12:00,4,T,Hu,4,0,-10,-5,Russian corer,318.56,2.3,0.01,13.83,,,,,,,,,,,,,,,,,,,,,,,,,,,,,,,,,,,,,,,,,,,,,,,,,,,,,,,,,,,,,,,No,Yes,No
39,2012-08-13,12:00,4,T,Hu,5,-10,-20,-15,Russian corer,318.56,3.1,0.01,15,,,,,,,,,,,,,,,,,,,,,,,,,,,,,,,,,,,,,,,,,,,,,,,,,,,,,,,,,,,,,,,No,No,No
40,2012-08-13,12:00,4,T,Hu,6,-20,-30,-25,Russian corer,318.56,11.3,0.04,11.46,,,,,,,,,,,,,,,,,,,,,,,,,,,,,,,,,,,,,,,,,,,,,,,,,,,,,,,,,,,,,,,No,Yes,Yes
41,2012-08-13,12:00,4,T,Hu,7,-30,-40,-35,Russian corer,318.56,37.7,0.12,7.52,,,,,,,,,,,,,,,,,,,,,,,,,,,,,,,,,,,,,,,,,,,,,,,,,,,,,,,,,,,,,,,No,Yes,Yes
42,2012-08-13,12:00,4,T,Hu,8,-40,-50,-45,Russian corer,318.56,53,0.17,4.86,,,,,,,,,,,,,,,,,,,,,,,,,,,,,,,,,,,,,,,,,,,,,,,,,,,,,,,,,,,,,,,No,Yes,Yes
43,2012-08-13,12:00,4,T,Hu,9,-50,-60,-55,Russian corer,318.56,78.7,0.25,4.92,2.2,53,24.1,3.9,,8.3,,,,,,,,,,,,,,,,,,,,,,,,,,,,,,,,,,,,,,,,,,,,,,,,,,,,,,,,,Yes,Yes,Yes
44,2012-08-13,12:00,4,T,Hu,10,-60,-70,-65,Russian corer,318.56,68,0.21,5.38,2.5,52.27,20.9,3.97,,9.7,,,,,,,,,,,,,,,,,,,,,,,,,,,,,,,,,,,,,,,,,,,,,,,,,,,,,,,,,Yes,Yes,Yes
45,2012-08-13,12:00,4,T,Hu,11,-70,-80,-75,Russian corer,318.56,58.3,0.18,6.31,2.58,52.66,20.4,3.98,,7.8,,,,,,,,,,,,,,,,,,,,,,,,,,,,,,,,,,,,,,,,,,,,,,,,,,,,,,,,,Yes,Yes,Yes
46,2012-08-13,12:00,4,T,Hu,12,-80,-90,-85,Russian corer,318.56,54.7,0.17,7.11,2.39,55.01,23.0,4.03,,5.5,,,,,,,,,,,,,,,,,,,,,,,,,,,,,,,,,,,,,,,,,,,,,,,,,,,,,,,,,Yes,Yes,Yes
47,2012-08-13,12:00,4,T,Hu,13,-90,-100,-95,Russian corer,318.56,43.2,0.14,7.88,2.33,54.11,23.2,4.09,,4.6,,,,,,,,,,,,,,,,,,,,,,,,,,,,,,,,,,,,,,,,,,,,,,,,,,,,,,,,,Yes,Yes,Yes
48,2012-08-13,12:00,4,T,Hu,14,-100,-125,-113,Russian corer,530.93,82.7,0.16,7.76,2.71,52.33,19.3,4.19,,8.3,,,,,,,,,,,,,,,,,,,,,,,,,,,,,,,,,,,,,,,,,,,,,,,,,,,,,,,,,Yes,Yes,Yes
49,2012-08-13,12:00,4,T,Hu,15,-125,-150,-138,Russian corer,530.93,71.5,0.13,7.71,2.47,49.73,20.1,4.21,,10.3,,,,,,,,,,,,,,,,,,,,,,,,,,,,,,,,,,,,,,,,,,,,,,,,,,,,,,,,,Yes,Yes,Yes
50,2012-08-13,12:00,4,T,Hu,16,-150,-175,-163,Russian corer,530.93,83.6,0.16,7.76,2.36,52.34,22.1,4.47,,9.9,,,,,,,,,,,,,,,,,,,,,,,,,,,,,,,,,,,,,,,,,,,,,,,,,,,,,,,,,Yes,Yes,Yes
51,2012-08-13,12:00,4,T,Hu,17,-175,-200,-188,Russian corer,530.93,88.1,0.17,6.22,2.35,48.65,20.7,4.67,,16.9,,,,,,,,,,,,,,,,,,,,,,,,,,,,,,,,,,,,,,,,,,,,,,,,,,,,,,,,,Yes,Yes,Yes
52,2012-08-13,12:00,4,T,Ho,1,0,-10,-5,Hole saw,1368.11,34.4,0.03,13.06,1.22,48.66,39.9,3.97,,3.2,,,,161572,-28.99,66,1.0741,,-54,-52,-56,1.18,47.44,40.3,-1.65,-28.9,943,8.1,1.0,V0,1977.0,0.0,0.5,V1,0.0,0.5,V1,0.6,0.5,V0,2786.0,1609.0,40.0,V0,547.8,84.2,0.5,V0,0.0,0.5,V1,50.0,5.0,V0,0.0,1.0,V1,837.2,5.9,2.5,V0,1061.0,330.4,36.3,1.0,V0,Yes,Yes,Yes
53,2012-08-13,12:00,4,T,Ho,2,-10,-20,-15,Hole saw,1368.11,42.2,0.03,11.92,1.08,47.78,44.3,3.88,,4.5,,,,161573,-28.15,120.2,1.1287,,-44,-43,-44,1.05,46.54,44.3,-0.91,-28.02,1856,0.0,1.0,V1,2086.0,0.0,0.5,V1,0.0,0.5,V1,0.0,0.5,V1,2286.0,770.5,40.0,V0,485.5,81.2,0.5,V0,0.0,0.5,V1,37.9,5.0,V0,0.0,1.0,V1,744.0,0.0,2.5,V1,1130.0,380.0,36.3,1.0,V0,Yes,Yes,Yes
54,2012-08-13,12:00,4,T,Ho,3,-20,-30,-25,Russian corer,318.56,38.9,0.12,9.44,1.32,46.57,35.2,3.86,,11.8,,,,161574,-26.96,92.1,1.1004,,7,7,7,1.3,45.46,35,2.26,-26.82,2406,2.2,1.0,V0,1455.0,0.0,0.5,V1,0.0,0.5,V1,0.0,0.5,V1,1634.0,390.7,40.0,V0,375.4,18.1,0.5,V0,0.0,0.5,V1,53.6,5.0,V0,0.0,1.0,V1,599.7,0.0,2.5,V1,1569.0,525.4,19.0,1.0,V0,Yes,Yes,Yes
55,2012-08-13,12:00,4,T,Ho,4,-30,-40,-35,Russian corer,318.56,62.4,0.2,5.42,1.52,48.5,31.9,3.89,,11.8,,,,161575,-26.6,-58.5,0.9487,425,498,340,521,1.52,48.35,31.8,3.61,-26.47,2654,0.0,1.0,V1,1170.0,0.0,0.5,V1,0.0,0.5,V1,0.0,0.5,V1,800.4,199.5,40.0,V0,220.5,6.2,0.5,V0,0.0,0.5,V1,23.4,5.0,V0,0.0,1.0,V1,528.9,0.0,2.5,V1,1554.0,674.5,7.1,1.0,V0,Yes,Yes,Yes
56,2012-08-13,12:00,4,T,Ho,5,-40,-50,-45,Russian corer,318.56,68.6,0.22,4.17,1.35,48.93,36.2,3.87,,13.1,,,,161576,-26.57,-123.8,0.8829,1000,927,802,963,1.39,49.12,35.3,3.77,-26.49,3242,0.0,1.0,V1,1171.0,0.0,0.5,V1,0.0,0.5,V1,0.0,0.5,V1,635.7,202.2,40.0,V0,190.9,5.9,0.5,V0,0.0,0.5,V1,11.3,5.0,V0,0.0,1.0,V1,460.7,0.0,2.5,V1,1381.0,592.8,2.9,1.0,V0,Yes,Yes,Yes
57,2012-08-13,12:00,4,T,Ho,6,-50,-60,-55,Russian corer,318.56,79.1,0.25,4.81,1.77,51.38,29.0,3.89,,10.1,,,,162612,-26.5,-229.7,0.776,2035,,,,1.72,49.28,28.6,0.94,-26.46,3399,0.0,1.0,V1,1039.0,0.0,0.5,V1,0.9,0.5,V0,0.0,0.5,V1,535.2,147.5,40.0,V0,161.3,3.2,0.5,V0,0.0,0.5,V1,0.0,5.0,V1,0.0,1.0,V1,398.5,0.0,2.5,V1,1397.0,589.2,4.1,1.0,V0,Yes,Yes,Yes
58,2012-08-13,12:00,4,T,Ho,7,-60,-70,-65,Russian corer,318.56,64.2,0.2,5.35,2.49,52.4,21.0,3.99,,8.2,,,,161577,-26.02,-311.3,0.694,2935,3094,2998,3167,2.52,52.37,20.8,0.27,-25.92,3678,0.0,1.0,V1,774.1,0.0,0.5,V1,0.7,0.5,V0,0.0,0.5,V1,412.7,213.1,40.0,V0,132.8,1.3,0.5,V0,0.0,0.5,V1,7.7,5.0,V0,0.0,1.0,V1,450.9,0.0,2.5,V1,1591.0,499.0,6.7,1.0,V0,Yes,Yes,Yes
59,2012-08-13,12:00,4,T,Ho,8,-70,-80,-75,Russian corer,318.56,65.2,0.2,5.73,2.59,52.74,20.4,4.01,,8.2,,,,,,,,,,,,,,,,,3706,0.0,1.0,V1,608.6,0.0,0.5,V1,1.2,0.5,V0,0.0,0.5,V1,341.9,185.8,40.0,V0,97.2,0.0,0.5,V1,0.0,0.5,V1,0.0,5.0,V1,0.0,1.0,V1,417.6,0.0,2.5,V1,1501.0,336.4,7.4,1.0,V0,Yes,Yes,Yes
60,2012-08-13,12:00,4,T,Ho,9,-80,-90,-85,Russian corer,318.56,59,0.19,6.72,2.59,53.57,20.7,4.04,,6.8,,,,161578,-26.08,-369,0.6358,3635,3950,3845,4083,2.66,53.47,20.1,0.19,-25.94,3328,0.0,1.0,V1,628.1,0.0,0.5,V1,0.6,0.5,V0,0.0,0.5,V1,619.5,153.0,40.0,V0,114.2,8.4,0.5,V0,0.0,0.5,V1,8.7,5.0,V0,0.0,1.0,V1,3650.0,0.0,2.5,V1,1347.0,259.7,10.2,1.0,V0,Yes,Yes,Yes
61,2012-08-13,12:00,4,T,Ho,10,-90,-100,-95,Russian corer,318.56,47.6,0.15,7.16,2.53,54.31,21.4,4.12,,5.7,,,,,,,,,,,,,,,,,3184,0.0,1.0,V1,949.2,0.0,0.5,V1,0.0,0.5,V1,0.0,0.5,V1,480.3,150.3,40.0,V0,108.9,4.2,0.5,V0,0.0,0.5,V1,0.0,5.0,V1,0.0,1.0,V1,412.5,0.0,2.5,V1,1526.0,511.2,9.0,1.0,V0,Yes,Yes,Yes
62,2012-08-13,12:00,4,T,Ho,11,-100,-125,-113,Russian corer,530.93,86,0.16,7.45,2.68,53.13,19.8,4.33,,6.8,,,,161579,-25.84,-412.5,0.592,4210,4745,4646,4846,2.77,54.15,19.6,0.27,-25.8,3180,0.0,1.0,V1,1159.0,0.0,0.5,V1,0.0,0.5,V1,0.0,0.5,V1,727.5,188.5,40.0,V0,142.6,2.2,0.5,V0,0.0,0.5,V1,0.0,5.0,V1,0.0,1.0,V1,468.5,0.0,2.5,V1,1540.0,300.6,17.2,1.0,V0,Yes,Yes,Yes
63,2012-08-13,12:00,4,T,Ho,12,-125,-150,-138,Russian corer,530.93,87.3,0.16,8.01,2.49,50.39,20.2,4.34,,11.6,,,,,,,,,,,,,,,,,5411,0.0,1.0,V1,1297.0,0.0,0.5,V1,2.4,0.5,V0,0.0,0.5,V1,1207.0,437.2,40.0,V0,298.2,5.0,0.5,V0,0.0,0.5,V1,15.7,5.0,V0,1.9,1.0,V0,909.5,0.0,2.5,V1,1461.0,250.2,18.6,1.0,V0,Yes,Yes,Yes
64,2012-08-13,12:00,4,T,Ho,13,-150,-175,-163,Russian corer,530.93,83.5,0.16,7.78,2.5,52.55,21.1,4.57,,9.4,,,,161580,-26.67,-511.1,0.4927,5685,6462,6406,6529,2.5,52.99,21.2,1.41,-26.57,4380,0.0,1.0,V1,2178.0,0.0,0.5,V1,0.6,0.5,V0,0.0,0.5,V1,1480.0,270.5,40.0,V0,264.7,7.2,0.5,V0,0.0,0.5,V1,5.1,5.0,V0,1.6,1.0,V0,747.0,0.0,2.5,V1,1610.0,383.8,15.3,1.0,V0,Yes,Yes,Yes
65,2012-08-13,12:00,4,T,Ho,14,-175,-200,-188,Russian corer,530.93,91.7,0.17,6.81,2.39,50.57,21.2,4.73,,13.2,,,,,,,,,,,,,,,,,6055,0.0,1.0,V1,2700.0,0.0,0.5,V1,4.0,0.5,V0,0.0,0.5,V1,2018.0,401.6,40.0,V0,402.7,12.0,0.5,V0,0.0,0.5,V1,13.2,5.0,V0,1.8,1.0,V0,684.2,0.0,2.5,V1,1953.0,300.3,11.2,1.0,V0,Yes,Yes,Yes
66,2012-08-13,12:00,4,T,Ho,15,-200,-250,-225,Russian corer,530.93,92.7,0.17,6.7,2.34,47.25,20.2,4.79,,18.7,,,,161581,-26.87,-564.7,0.4387,6620,7513,7444,7569,2.35,47.55,20.2,2.03,-26.84,6598,0.0,1.0,V1,2812.0,0.0,0.5,V1,3.5,0.5,V0,0.0,0.5,V1,2335.0,472.7,40.0,V0,507.4,17.4,0.5,V0,0.0,0.5,V1,16.5,5.0,V0,1.8,1.0,V0,728.6,0.0,2.5,V1,1969.0,275.4,14.2,1.0,V0,Yes,Yes,Yes
67,2012-08-13,12:00,5,N,Hu,1,24,0,12,Hole saw,3283.46,47.2,0.01,9.68,1.12,49.18,43.8,4.06,,3.3,,,,162240,-28.74,42.2,1.0502,,-60,-57,-61,1.08,48.08,44.5,-1.84,-28.65,,,,,,,,,,,,,,,,,,,,,,,,,,,,,,,,,,,,,,,,,Yes,Yes,Yes
68,2012-08-13,12:00,5,N,Hu,1,24,0,12,Hole saw,,,,,1.18,48.56,41.1,,,,,,,,,,,,,,,,,,,,556,0.0,4.0,V1,2351.4,0.0,1.6,V1,0.0,2.0,V1,6.3,3.0,V0,2153.0,2981.7,40.0,V0,835.2,178.3,1.0,V0,0.0,2.0,V1,0.0,40.0,V1,0.0,2.0,V1,874.0,8.2,4.0,V0,1044.9,-9999,46.2,1.0,V0,Yes,Yes,Yes
69,2012-08-13,12:00,5,N,Hu,2,0,-10,-5,Russian corer,212.37,14.7,0.07,9.78,,,,,,,,,,162241,-26.87,107,1.1154,,-46,-44,-47,1.39,48.09,34.7,0.61,-26.9,,,,,,,,,,,,,,,,,,,,,,,,,,,,,,,,,,,,,,,,,Yes,Yes,Yes
70,2012-08-13,12:00,5,N,Hu,3,-10,-20,-15,Russian corer,318.56,24.7,0.08,7.66,,,,,,,,,,162242,-26.51,-112.3,0.8945,895,821,908,738,1.72,49.23,28.6,0.79,-26.48,,,,,,,,,,,,,,,,,,,,,,,,,,,,,,,,,,,,,,,,,Yes,Yes,Yes
71,2012-08-13,12:00,5,N,Hu,4,-20,-30,-25,Russian corer,318.56,49.1,0.15,4.86,,,,,,,,,,162243,-26.67,-173.5,0.8328,1470,1355,1397,1308,1.5,48.85,32.6,1.21,-26.59,,,,,,,,,,,,,,,,,,,,,,,,,,,,,,,,,,,,,,,,,No,Yes,Yes
72,2012-08-13,12:00,5,N,Hu,5,-30,-40,-35,Russian corer,318.56,61.9,0.19,4.28,1.83,51.06,27.9,3.9,,11.2,,,,,,,,,,,,,,,,,,,,,,,,,,,,,,,,,,,,,,,,,,,,,,,,,,,,,,,,,Yes,Yes,Yes
73,2012-08-13,12:00,5,N,Hu,6,-40,-50,-45,Russian corer,318.56,55.6,0.17,5.23,2.09,53.33,25.5,3.89,,6.8,,,,,,,,,,,,,,,,,,,,,,,,,,,,,,,,,,,,,,,,,,,,,,,,,,,,,,,,,Yes,Yes,Yes
74,2012-08-13,12:00,5,N,Hu,7,-50,-60,-55,Russian corer,318.56,54.7,0.17,6.82,2.1,53.89,25.7,3.88,,5.4,,,,,,,,,,,,,,,,,,,,,,,,,,,,,,,,,,,,,,,,,,,,,,,,,,,,,,,,,Yes,Yes,Yes
75,2012-08-13,12:00,5,N,Hu,8,-60,-70,-65,Russian corer,318.56,51.4,0.16,6.49,2.34,52.94,22.6,3.92,,7.9,,,,,,,,,,,,,,,,,,,,,,,,,,,,,,,,,,,,,,,,,,,,,,,,,,,,,,,,,Yes,Yes,Yes
76,2012-08-13,12:00,5,N,Hu,9,-70,-80,-75,Russian corer,318.56,43.9,0.14,7.38,2.48,53.86,21.7,4.02,,6.5,,,,,,,,,,,,,,,,,,,,,,,,,,,,,,,,,,,,,,,,,,,,,,,,,,,,,,,,,Yes,Yes,Yes
77,2012-08-13,12:00,5,N,Hu,10,-80,-90,-85,Russian corer,318.56,43.1,0.14,7.85,2.24,54.19,24.1,4.08,,5,,,,,,,,,,,,,,,,,,,,,,,,,,,,,,,,,,,,,,,,,,,,,,,,,,,,,,,,,Yes,Yes,Yes
78,2012-08-13,12:00,5,N,Hu,11,-90,-100,-95,Russian corer,318.56,39.7,0.12,8.79,,,,,,,,,,,,,,,,,,,,,,,,,,,,,,,,,,,,,,,,,,,,,,,,,,,,,,,,,,,,,,,No,Yes,Yes
79,2012-08-13,12:00,5,N,Hu,12,-100,-125,-113,Russian corer,530.93,68.4,0.13,9.35,2.65,54.37,20.5,4.25,,5.1,,,,,,,,,,,,,,,,,,,,,,,,,,,,,,,,,,,,,,,,,,,,,,,,,,,,,,,,,Yes,Yes,Yes
80,2012-08-13,12:00,5,N,Hu,13,-125,-150,-138,Russian corer,530.93,80,0.15,7.79,2.39,49.69,20.8,4.49,,13.7,,,,,,,,,,,,,,,,,,,,,,,,,,,,,,,,,,,,,,,,,,,,,,,,,,,,,,,,,Yes,Yes,Yes
81,2012-08-13,12:00,5,N,Hu,14,-150,-175,-163,Russian corer,530.93,68.5,0.13,9.1,2.47,52.56,21.3,4.55,,8,,,,,,,,,,,,,,,,,,,,,,,,,,,,,,,,,,,,,,,,,,,,,,,,,,,,,,,,,Yes,Yes,Yes
82,2012-08-13,12:00,5,N,Hu,15,-175,-200,-188,Russian corer,530.93,,,,2.49,51.29,20.6,4.74,,10.4,,,,,,,,,,,,,,,,,,,,,,,,,,,,,,,,,,,,,,,,,,,,,,,,,,,,,,,,,Yes,Yes,Yes
83,2012-08-13,12:00,5,N,Ho,1,0,-10,-5,Hole saw,1368.11,59.2,0.04,9.17,1.18,48.37,41.0,3.64,,2.7,,,,162232,-28.61,67.3,1.0673,,-55,-53,-57,1,47.46,47.3,-1.92,-28.5,,,,,,,,,,,,,,,,,,,,,,,,,,,,,,,,,,,,,,,,,Yes,Yes,Yes
84,2012-08-13,12:00,5,N,Ho,2,-10,-20,-15,Hole saw,1368.11,45.4,0.03,8.94,0.97,48.67,50.3,3.79,,3.2,,,,162233,-27.67,126.3,1.1263,,-44,-43,-46,0.91,46.46,51,-1.07,-27.7,,,,,,,,,,,,,,,,,,,,,,,,,,,,,,,,,,,,,,,,,Yes,Yes,Yes
85,2012-08-13,12:00,5,N,Ho,3,-20,-30,-25,Hole saw,1368.11,42.6,0.03,8.17,,,,,,,,,,162234,-27.06,98.5,1.0985,,7,7,6,1.17,47.39,40.5,1.58,-27.33,,,,,,,,,,,,,,,,,,,,,,,,,,,,,,,,,,,,,,,,,No,Yes,Yes
86,2012-08-13,12:00,5,N,Ho,4,-30,-40,-35,Russian corer,318.56,62.7,0.2,4.39,,,,,,,,,,162235,-26.55,-156.4,0.8436,1365,1293,1264,1320,1.23,47.83,38.8,2.4,-26.3,,,,,,,,,,,,,,,,,,,,,,,,,,,,,,,,,,,,,,,,,No,Yes,Yes
87,2012-08-13,12:00,5,N,Ho,5,-40,-50,-45,Russian corer,318.56,63.6,0.2,4.77,,,,,,,,,,162236,-26.63,-220.3,0.7797,2000,1949,1892,1997,1.52,49.89,32.8,0.86,-26.55,,,,,,,,,,,,,,,,,,,,,,,,,,,,,,,,,,,,,,,,,No,Yes,Yes
88,2012-08-13,12:00,5,N,Ho,6,-50,-60,-55,Russian corer,318.56,57,0.18,6.05,2.04,52.42,25.7,3.95,,7.2,,,,162694,-26.4,-256.5,0.749,2320,,,,1.91,50.69,26.5,0.14,-26.39,,,,,,,,,,,,,,,,,,,,,,,,,,,,,,,,,,,,,,,,,Yes,Yes,Yes
89,2012-08-13,12:00,5,N,Ho,7,-60,-70,-65,Russian corer,318.56,53.5,0.17,6.33,2.17,52.54,24.2,3.91,,9.3,,,,162237,-26.42,-313.2,0.6868,3020,3215,3080,3340,2.13,50.8,23.9,0.36,-26.4,,,,,,,,,,,,,,,,,,,,,,,,,,,,,,,,,,,,,,,,,Yes,Yes,Yes
90,2012-08-13,12:00,5,N,Ho,8,-70,-80,-75,Russian corer,318.56,50.2,0.16,6.85,2.25,53.16,23.6,3.98,,8.7,,,,,,,,,,,,,,,,,,,,,,,,,,,,,,,,,,,,,,,,,,,,,,,,,,,,,,,,,Yes,Yes,Yes
91,2012-08-13,12:00,5,N,Ho,9,-80,-90,-85,Russian corer,318.56,49.1,0.15,7.52,2.18,53.24,24.5,4.05,,7.5,,,,162238,-26.52,-356.9,0.6431,3545,3839,3719,3910,2.12,51.81,24.4,0.33,-26.78,,,,,,,,,,,,,,,,,,,,,,,,,,,,,,,,,,,,,,,,,Yes,Yes,Yes
92,2012-08-13,12:00,5,N,Ho,10,-90,-100,-95,Russian corer,318.56,41.7,0.13,8.7,,,,,,,,,,,,,,,,,,,,,,,,,,,,,,,,,,,,,,,,,,,,,,,,,,,,,,,,,,,,,,,No,Yes,Yes
93,2012-08-13,12:00,5,N,Ho,11,-100,-125,-113,Russian corer,530.93,69,0.13,9.22,2.35,54.03,23.0,4.15,,6.1,,,,162252,-25.94,-394,0.6106,3965,4437,4300,4519,2.44,53.68,22,-0.01,-25.95,,,,,,,,,,,,,,,,,,,,,,,,,,,,,,,,,,,,,,,,,Yes,Yes,Yes
94,2012-08-13,12:00,5,N,Ho,12,-125,-150,-138,Russian corer,530.93,74.3,0.14,8.11,2.74,50.52,18.4,4.48,,12.7,,,,,,,,,,,,,,,,,,,,,,,,,,,,,,,,,,,,,,,,,,,,,,,,,,,,,,,,,Yes,Yes,Yes
95,2012-08-13,12:00,5,N,Ho,13,-150,-175,-163,Russian corer,530.93,75.1,0.14,8.24,2.28,52.13,22.8,4.49,,10.9,,,,162239,-26.15,-481.4,0.5186,5275,6066,5942,6180,2.28,50.78,22.2,0.26,-26.04,,,,,,,,,,,,,,,,,,,,,,,,,,,,,,,,,,,,,,,,,Yes,Yes,Yes
96,2012-08-13,12:00,5,N,Ho,14,-175,-200,-188,Russian corer,530.93,69.4,0.13,8.6,2.47,51.36,20.8,4.73,,10.9,,,,,,,,,,,,,,,,,,,,,,,,,,,,,,,,,,,,,,,,,,,,,,,,,,,,,,,,,Yes,Yes,Yes
97,2012-08-13,12:00,5,T,Hu,1,18,10,14,Hole saw,1094.49,29.9,0.03,6.75,,,,,,,,,,162208,-29.08,53.1,1.0612,,-57,-55,-59,0.82,45.8,56.1,-3.6,-29.43,,,,,,,,,,,,,,,,,,,,,,,,,,,,,,,,,,,,,,,,,No,Yes,Yes
98,2012-08-13,12:00,5,T,Hu,2,10,0,5,Hole saw,1368.11,30.3,0.02,10.22,,,,,,,,,,164532,-29.1,61,1.0692,,-55,-53,-56,0.76,46.14,60.6,-1.16,-28.77,,,,,,,,,,,,,,,,,,,,,,,,,,,,,,,,,,,,,,,,,No,Yes,Yes
99,2012-08-13,12:00,5,T,Hu,1,18,10,14,Hole saw,,,,,0.85,48.10,56.3,,,,,,,,,,,,,,,,,,,,371,0.0,4.0,V1,3663.3,0.0,1.6,V1,0.0,2.0,V1,4.6,3.0,V0,576.2,3242.5,40.0,V0,760.2,299.8,1.0,V0,0.0,2.0,V1,49.5,40.0,V0,0.0,2.0,V1,654.8,0.0,4.0,V1,748.5,-9999,44.4,1.0,V0,Yes,Yes,Yes
100,2012-08-13,12:00,5,T,Hu,2,10,0,5,Hole saw,,,,,0.79,47.16,59.5,,,,,,,,,,,,,,,,,,,,452,0.0,4.0,V1,1695.5,0.0,1.6,V1,0.0,2.0,V1,3.2,3.0,V0,1283.0,1372.1,40.0,V0,598.2,83.8,1.0,V0,0.0,2.0,V1,0.0,40.0,V1,0.0,2.0,V1,502.4,5.3,4.0,V0,785.4,-9999,134.3,1.0,V0,Yes,Yes,Yes
101,2012-08-13,12:00,5,T,Hu,3,0,-10,-5,Russian corer,318.56,,,,,,,,,,,,,,,,,,,,,,,,,,,,,,,,,,,,,,,,,,,,,,,,,,,,,,,,,,,,,,,,,,No,No,Yes
102,2012-08-13,12:00,5,T,Hu,4,-10,-20,-15,Russian corer,318.56,12.6,0.04,16.48,,,,,,,,,,,,,,,,,,,,,,,,,,,,,,,,,,,,,,,,,,,,,,,,,,,,,,,,,,,,,,,No,Yes,Yes
103,2012-08-13,12:00,5,T,Hu,5,-20,-30,-25,Russian corer,318.56,31.3,0.1,9.48,,,,,,,,,,,,,,,,,,,,,,,,,,,,,,,,,,,,,,,,,,,,,,,,,,,,,,,,,,,,,,,No,Yes,Yes
104,2012-08-13,12:00,5,T,Hu,6,-30,-40,-35,Russian corer,318.56,56.1,0.18,5.49,,,,,,,,,,,,,,,,,,,,,,,,,,,,,,,,,,,,,,,,,,,,,,,,,,,,,,,,,,,,,,,No,Yes,Yes
105,2012-08-13,12:00,5,T,Hu,7,-40,-50,-45,Russian corer,318.56,61.4,0.19,4.78,,,,,,,,,,,,,,,,,,,,,,,,,,,,,,,,,,,,,,,,,,,,,,,,,,,,,,,,,,,,,,,No,Yes,Yes
106,2012-08-13,12:00,5,T,Hu,8,-50,-60,-55,Russian corer,318.56,56.9,0.18,5.64,1.76,53.59,30.4,3.79,,7.8,,,,,,,,,,,,,,,,,,,,,,,,,,,,,,,,,,,,,,,,,,,,,,,,,,,,,,,,,Yes,Yes,Yes
107,2012-08-13,12:00,5,T,Hu,9,-60,-70,-65,Russian corer,318.56,48,0.15,7.15,2.12,54.21,25.6,3.84,,6.3,,,,,,,,,,,,,,,,,,,,,,,,,,,,,,,,,,,,,,,,,,,,,,,,,,,,,,,,,Yes,Yes,Yes
108,2012-08-13,12:00,5,T,Hu,10,-70,-80,-75,Russian corer,318.56,51.7,0.16,6.64,2.32,52.57,22.7,3.94,,8.9,,,,,,,,,,,,,,,,,,,,,,,,,,,,,,,,,,,,,,,,,,,,,,,,,,,,,,,,,Yes,Yes,Yes
109,2012-08-13,12:00,5,T,Hu,11,-80,-90,-85,Russian corer,318.56,49.1,0.15,7.56,2.55,52.47,20.5,4.07,,9,,,,,,,,,,,,,,,,,,,,,,,,,,,,,,,,,,,,,,,,,,,,,,,,,,,,,,,,,Yes,Yes,Yes
110,2012-08-13,12:00,5,T,Hu,12,-90,-100,-95,Russian corer,318.56,44.9,0.14,8.07,,,,,,,,,,,,,,,,,,,,,,,,,,,,,,,,,,,,,,,,,,,,,,,,,,,,,,,,,,,,,,,No,Yes,Yes
111,2012-08-13,12:00,5,T,Hu,13,-100,-125,-113,Russian corer,530.93,67.4,0.13,9.01,2.75,54.26,19.7,4.19,,6.7,,,,,,,,,,,,,,,,,,,,,,,,,,,,,,,,,,,,,,,,,,,,,,,,,,,,,,,,,Yes,Yes,Yes
112,2012-08-13,12:00,5,T,Hu,14,-125,-150,-138,Russian corer,530.93,63.1,0.12,9.55,2.85,51.42,18.1,4.46,,10.9,,,,,,,,,,,,,,,,,,,,,,,,,,,,,,,,,,,,,,,,,,,,,,,,,,,,,,,,,Yes,Yes,Yes
113,2012-08-13,12:00,5,T,Hu,15,-150,-175,-163,Russian corer,530.93,69.8,0.13,8.51,2.75,54.34,19.8,4.32,,7.3,,,,,,,,,,,,,,,,,,,,,,,,,,,,,,,,,,,,,,,,,,,,,,,,,,,,,,,,,Yes,Yes,Yes
114,2012-08-13,12:00,5,T,Hu,16,-175,-200,-188,Russian corer,530.93,72.7,0.14,8.3,2.77,50.49,18.2,4.54,,14.3,,,,,,,,,,,,,,,,,,,,,,,,,,,,,,,,,,,,,,,,,,,,,,,,,,,,,,,,,Yes,Yes,Yes
115,2012-08-13,12:00,5,T,Hu,17,-200,-250,-225,Russian corer,1061.86,75.6,0.07,7.47,2.51,51.65,20.6,4.96,,12.6,,,,,,,,,,,,,,,,,,,,,,,,,,,,,,,,,,,,,,,,,,,,,,,,,,,,,,,,,Yes,Yes,Yes
116,2012-08-13,12:00,5,T,Hu,18,-250,-300,-275,Russian corer,1061.86,53.4,0.05,11.39,2.73,55,20.1,5.16,,6.3,,,,,,,,,,,,,,,,,,,,,,,,,,,,,,,,,,,,,,,,,,,,,,,,,,,,,,,,,Yes,Yes,Yes
117,2012-08-13,12:00,5,T,Ho,1,0,-10,-5,Hole saw,1368.11,36.7,0.03,11.88,0.92,48.01,52.3,4.07,,2.7,,,,161582,-28.92,50.1,1.0582,,-57,-55,-60,0.87,46.44,53.4,-2.27,-28.94,1139,0.0,1.0,V1,2177.0,0.0,0.5,V1,0.0,0.5,V1,0.0,0.5,V1,2268.0,2587.0,40.0,V0,647.5,101.3,0.5,V0,0.0,0.5,V1,72.9,5.0,V0,0.0,1.0,V1,761.0,4.4,2.5,V0,920.9,3770.0,41.3,1.0,V0,Yes,Yes,Yes
118,2012-08-13,12:00,5,T,Ho,2,-10,-20,-15,Hole saw,1368.11,46.8,0.03,9.37,0.93,48.35,52.1,3.79,,3.1,,,,161583,-28.62,119.4,1.1279,,-44,-42,-46,0.87,47.25,54.5,-1.22,-28.52,1089,1.4,1.0,V0,1909.0,0.0,0.5,V1,0.0,0.5,V1,0.0,0.5,V1,2247.0,967.2,40.0,V0,502.4,81.8,0.5,V0,0.0,0.5,V1,30.8,5.0,V0,0.0,1.0,V1,634.5,4.2,2.5,V0,1167.0,478.2,34.6,1.0,V0,Yes,Yes,Yes
119,2012-08-13,12:00,5,T,Ho,3,-20,-30,-25,Hole saw,1368.11,51.3,0.04,5.91,1.19,47.2,39.6,3.72,,9.1,,,,161584,-27.74,214.5,1.2238,,-34,-33,-35,1.11,46.05,41.4,-0.15,-27.65,1727,0.0,1.0,V1,1688.0,0.0,0.5,V1,0.0,0.5,V1,0.9,0.5,V0,1867.0,707.7,40.0,V0,402.5,45.0,0.5,V0,0.0,0.5,V1,22.6,5.0,V0,0.0,1.0,V1,569.6,0.0,2.5,V1,1592.0,340.6,29.5,1.0,V0,Yes,Yes,Yes
120,2012-08-13,12:00,5,T,Ho,4,-30,-40,-35,Russian corer,318.56,70.8,0.22,4.26,1.6,51.14,31.9,3.82,,13.8,,,,161585,-26.64,-219.7,0.7862,1930,1879,1820,1946,1.51,50.83,33.7,1.18,-26.63,2789,0.0,1.0,V1,990.5,0.0,0.5,V1,1.6,0.5,V0,0.0,0.5,V1,481.3,106.6,40.0,V0,146.2,1.7,0.5,V0,0.0,0.5,V1,0.0,5.0,V1,0.0,1.0,V1,313.7,0.0,2.5,V1,1420.0,835.9,4.3,1.0,V0,Yes,Yes,Yes
121,2012-08-13,12:00,5,T,Ho,5,-40,-50,-45,Russian corer,318.56,56.4,0.18,5.34,1.94,53.77,27.7,3.8,,7.3,,,,161586,-26.62,-268.9,0.7367,2455,2557,2364,2702,1.85,52.88,28.7,-0.21,-26.61,2897,0.0,1.0,V1,1022.0,0.0,0.5,V1,0.0,0.5,V1,0.0,0.5,V1,437.8,114.8,40.0,V0,137.2,0.9,0.5,V0,0.0,0.5,V1,16.3,5.0,V0,0.0,1.0,V1,321.1,0.0,2.5,V1,1517.0,800.3,5.8,1.0,V0,Yes,Yes,Yes
122,2012-08-13,12:00,5,T,Ho,6,-50,-60,-55,Russian corer,318.56,51.3,0.16,7,1.88,52.94,28.2,3.8,,8.4,,,,162695,-26.7,-234.5,0.771,2085,,,,,,,,,2823,0.0,1.0,V1,1107.0,0.0,0.5,V1,0.0,0.5,V1,0.0,0.5,V1,648.7,117.5,40.0,V0,163.0,3.2,0.5,V0,0.0,0.5,V1,14.0,5.0,V0,0.0,1.0,V1,346.4,0.0,2.5,V1,1567.0,737.2,5.8,1.0,V0,Yes,Yes,Yes
123,2012-08-13,12:00,5,T,Ho,7,-60,-70,-65,Russian corer,318.56,47.2,0.15,7.35,2.07,52.61,25.5,3.92,,9,,,,161587,-26.68,-289.1,0.7163,2680,2778,2751,2844,2.02,52.01,25.8,0.09,-26.8,3933,3.6,1.0,V0,1015.0,0.0,0.5,V1,1.3,0.5,V0,0.0,0.5,V1,557.3,150.3,40.0,V0,141.7,2.1,0.5,V0,0.0,0.5,V1,21.0,5.0,V0,1.4,1.0,V0,446.1,0.0,2.5,V1,1722.0,537.9,6.3,1.0,V0,Yes,Yes,Yes
124,2012-08-13,12:00,5,T,Ho,8,-70,-80,-75,Russian corer,318.56,50.2,0.16,6.92,2.45,52.8,21.5,3.99,,10,,,,,,,,,,,,,,,,,3816,0.0,1.0,V1,759.7,0.0,0.5,V1,0.0,0.5,V1,0.0,0.5,V1,410.2,144.8,40.0,V0,109.4,1.4,0.5,V0,0.0,0.5,V1,0.0,5.0,V1,0.0,1.0,V1,378.9,0.0,2.5,V1,1478.0,335.0,9.9,1.0,V0,Yes,Yes,Yes
125,2012-08-13,12:00,5,T,Ho,9,-80,-90,-85,Russian corer,318.56,49.1,0.15,7.71,2.14,54.07,25.2,3.93,,7.7,,,,161588,-26.49,-357.2,0.6477,3490,3766,3693,3837,2.1,53.34,25.4,0.12,-26.43,3487,0.0,1.0,V1,1067.0,0.0,0.5,V1,1.9,0.5,V0,0.0,0.5,V1,459.5,123.0,40.0,V0,97.6,0.0,0.5,V1,0.0,0.5,V1,5.4,5.0,V0,0.0,1.0,V1,328.6,0.0,2.5,V1,1475.0,397.5,4.3,1.0,V0,Yes,Yes,Yes
126,2012-08-13,12:00,5,T,Ho,10,-90,-100,-95,Russian corer,318.56,41.7,0.13,8.86,2.47,54.4,22.1,3.68,,4.4,,,,,,,,,,,,,,,,,2278,0.0,1.0,V1,1041.0,0.0,0.5,V1,0.0,0.5,V1,0.0,0.5,V1,450.1,73.8,40.0,V0,82.6,0.0,0.5,V1,0.0,0.5,V1,8.0,5.0,V0,0.0,1.0,V1,294.6,0.0,2.5,V1,1304.0,326.6,6.5,1.0,V0,Yes,Yes,Yes
127,2012-08-13,12:00,5,T,Ho,11,-100,-125,-113,Russian corer,530.93,72.9,0.14,8.57,2.66,53.95,20.3,3.86,,5.6,,,,161619,-25.71,-395.1,0.6095,3975,4461,4304,4525,2.72,53.98,19.9,0.07,-25.75,2605,0.0,1.0,V1,1442.0,0.0,0.5,V1,0.0,0.5,V1,0.0,0.5,V1,723.3,183.1,40.0,V0,129.7,1.1,0.5,V0,0.0,0.5,V1,10.4,5.0,V0,0.0,1.0,V1,395.8,0.0,2.5,V1,1445.0,534.0,6.5,1.0,V0,Yes,Yes,Yes
128,2012-08-13,12:00,5,T,Ho,12,-125,-150,-138,Russian corer,530.93,69.8,0.13,8.65,2.63,51.19,19.5,4.41,,10.5,,,,,,,,,,,,,,,,,4488,0.0,1.0,V1,1459.0,0.0,0.5,V1,1.0,0.5,V0,0.0,0.5,V1,1177.0,366.1,40.0,V0,290.3,4.3,0.5,V0,0.0,0.5,V1,6.5,5.0,V0,0.0,1.0,V1,473.8,0.0,2.5,V1,1504.0,220.4,12.2,1.0,V0,Yes,Yes,Yes
129,2012-08-13,12:00,5,T,Ho,13,-150,-175,-163,Russian corer,530.93,75.9,0.14,8.34,2.43,51.91,21.3,4.4,,9.6,,,,161620,-25.96,-470.4,0.5337,5045,5828,5730,5895,2.36,50.24,21.3,0.6,-26.01,3381,0.0,1.0,V1,2167.0,0.0,0.5,V1,0.6,0.5,V0,0.0,0.5,V1,1222.0,226.8,40.0,V0,228.2,3.6,0.5,V0,0.0,0.5,V1,17.4,5.0,V0,0.0,1.0,V1,406.0,0.0,2.5,V1,1337.0,379.9,7.8,1.0,V0,Yes,Yes,Yes
130,2012-08-13,12:00,5,T,Ho,14,-175,-200,-188,Russian corer,530.93,69,0.13,8.86,2.52,51.4,20.4,4.6,,10.3,,,,,,,,,,,,,,,,,3010,0.0,1.0,V1,2517.0,0.0,0.5,V1,0.6,0.5,V0,0.0,0.5,V1,1355.0,166.7,40.0,V0,247.5,4.5,0.5,V0,0.0,0.5,V1,10.5,5.0,V0,0.0,1.0,V1,419.9,0.0,2.5,V1,1280.0,525.3,8.1,1.0,V0,Yes,Yes,Yes
131,2012-08-13,12:00,5,T,Ho,15,-200,-250,-225,Russian corer,1061.86,143.5,0.14,8.57,2.5,50.59,20.3,4.69,,12.5,,,,161621,-26.53,-520.9,0.4828,5850,6672,6568,6740,2.35,49.55,21.1,1.32,-26.42,3902,0.0,1.0,V1,3172.0,0.0,0.5,V1,0.8,0.5,V0,0.0,0.5,V1,1743.0,169.4,40.0,V0,344.8,7.8,0.5,V0,0.0,0.5,V1,0.0,5.0,V1,1.5,1.0,V0,583.0,0.0,2.5,V1,1584.0,295.3,11.8,1.0,V0,Yes,Yes,Yes
132,2012-08-13,12:00,5,T,Ho,16,-250,-300,-275,Russian corer,1061.86,156.5,0.15,7.94,2.56,49.46,19.3,4.86,,13.8,,,,,,,,,,,,,,,,,4382,0.0,1.0,V1,3991.0,0.0,0.5,V1,1.3,0.5,V0,0.0,0.5,V1,2213.0,224.0,40.0,V0,456.2,12.2,0.5,V0,0.0,0.5,V1,8.9,5.0,V0,0.0,1.0,V1,580.4,0.0,2.5,V1,1669.0,400.0,10.6,1.0,V0,Yes,Yes,Yes
133,2012-08-14,12:00,6,N,Hu,1,30,20,25,Hole saw,1368.11,64.4,0.05,4.52,0.85,48.62,57.5,4.43,,2.4,,,,,,,,,,,,,,,,,,,,,,,,,,,,,,,,,,,,,,,,,,,,,,,,,,,,,,,,,Yes,Yes,Yes
134,2012-08-14,12:00,6,N,Hu,2,20,10,15,Hole saw,1368.11,51,0.04,8.24,1.07,48.14,45.2,3.98,,3.2,,,,,,,,,,,,,,,,,,,,,,,,,,,,,,,,,,,,,,,,,,,,,,,,,,,,,,,,,Yes,Yes,Yes
135,2012-08-14,12:00,6,N,Hu,3,10,0,5,Hole saw,1368.11,53.7,0.04,9.95,1.28,48.07,37.7,3.83,,4.3,,,,,,,,,,,,,,,,,,,,,,,,,,,,,,,,,,,,,,,,,,,,,,,,,,,,,,,,,Yes,Yes,Yes
136,2012-08-14,12:00,6,N,Hu,1,30,20,25,Hole saw,,,,,0.85,47.64,56.0,,,,,,,,,,,,,,,,,,,,614,0.0,4.0,V1,2026.5,0.0,1.6,V1,0.0,2.0,V1,5.8,3.0,V0,1154.8,2954.0,40.0,V0,886.0,82.3,1.0,V0,0.0,2.0,V1,0.0,40.0,V1,0.0,2.0,V1,566.3,0.0,4.0,V1,871.6,-9999,45.5,1.0,V0,Yes,Yes,Yes
137,2012-08-14,12:00,6,N,Hu,2,20,10,15,Hole saw,,,,,1.05,46.84,44.5,,,,,,,,,,,,,,,,,,,,891,0.0,4.0,V1,2344.0,0.0,1.6,V1,0.0,2.0,V1,5.1,3.0,V0,3361.0,2271.2,40.0,V0,885.4,52.0,1.0,V0,0.0,2.0,V1,0.0,40.0,V1,0.0,2.0,V1,720.4,10.5,4.0,V0,1116.4,-9999,60.5,1.0,V0,Yes,Yes,Yes
138,2012-08-14,12:00,6,N,Hu,3,10,0,5,Hole saw,,,,,1.25,47.20,37.7,,,,,,,,,,,,,,,,,,,,1201,4.9,4,V0,2277.7,0.0,1.6,V1,2.6,2.0,V0,4.4,3.0,V0,2958.8,1247.9,40.0,V0,631.6,51.1,1.0,V0,0.0,2.0,V1,0.0,40.0,V1,0.0,2.0,V1,805.1,21.2,4.0,V0,1343.6,-9999,50.5,1.0,V0,Yes,Yes,Yes
139,2012-08-14,12:00,6,N,Hu,4,0,-10,-5,Russian corer,318.56,11.8,0.04,15,,,,,,,,,,,,,,,,,,,,,,,,,,,,,,,,,,,,,,,,,,,,,,,,,,,,,,,,,,,,,,,No,Yes,Yes
140,2012-08-14,12:00,6,N,Hu,5,-10,-20,-15,Russian corer,318.56,47.3,0.15,5.16,,,,,,,,,,,,,,,,,,,,,,,,,,,,,,,,,,,,,,,,,,,,,,,,,,,,,,,,,,,,,,,No,Yes,Yes
141,2012-08-14,12:00,6,N,Hu,6,-20,-30,-25,Russian corer,318.56,69.5,0.22,4.46,1.45,49.03,33.8,3.91,,15.2,,,,,,,,,,,,,,,,,,,,,,,,,,,,,,,,,,,,,,,,,,,,,,,,,,,,,,,,,Yes,Yes,Yes
142,2012-08-14,12:00,6,N,Hu,7,-30,-40,-35,Russian corer,318.56,72.4,0.23,4.32,1.97,51.9,26.3,3.87,,11.2,,,,,,,,,,,,,,,,,,,,,,,,,,,,,,,,,,,,,,,,,,,,,,,,,,,,,,,,,Yes,Yes,Yes
143,2012-08-14,12:00,6,N,Hu,8,-40,-50,-45,Russian corer,318.56,59.6,0.19,5.55,2.4,53.04,22.1,3.95,,8.6,,,,,,,,,,,,,,,,,,,,,,,,,,,,,,,,,,,,,,,,,,,,,,,,,,,,,,,,,Yes,Yes,Yes
144,2012-08-14,12:00,6,N,Hu,9,-50,-60,-55,Russian corer,318.56,54.8,0.17,6.07,2.36,52.38,22.2,3.94,,9.5,,,,,,,,,,,,,,,,,,,,,,,,,,,,,,,,,,,,,,,,,,,,,,,,,,,,,,,,,Yes,Yes,Yes
145,2012-08-14,12:00,6,N,Hu,10,-60,-70,-65,Russian corer,318.56,55.1,0.17,6.9,2.37,54.7,23.1,3.94,,5.9,,,,,,,,,,,,,,,,,,,,,,,,,,,,,,,,,,,,,,,,,,,,,,,,,,,,,,,,,Yes,Yes,Yes
146,2012-08-14,12:00,6,N,Hu,11,-70,-80,-75,Russian corer,318.56,53,0.17,7.37,2.8,54.91,19.6,4,,5.1,,,,,,,,,,,,,,,,,,,,,,,,,,,,,,,,,,,,,,,,,,,,,,,,,,,,,,,,,Yes,Yes,Yes
147,2012-08-14,12:00,6,N,Hu,12,-80,-90,-85,Russian corer,318.56,53.6,0.17,7.33,2.39,55.25,23.1,4.08,,5.6,,,,,,,,,,,,,,,,,,,,,,,,,,,,,,,,,,,,,,,,,,,,,,,,,,,,,,,,,Yes,Yes,Yes
148,2012-08-14,12:00,6,N,Hu,13,-90,-100,-95,Russian corer,318.56,48.4,0.15,7.61,2.55,55.14,21.6,4.25,,5.8,,,,,,,,,,,,,,,,,,,,,,,,,,,,,,,,,,,,,,,,,,,,,,,,,,,,,,,,,Yes,Yes,Yes
149,2012-08-14,12:00,6,N,Hu,14,-100,-125,-113,Russian corer,530.93,76.6,0.14,8.18,2.34,52.25,22.3,4.24,,10.5,,,,,,,,,,,,,,,,,,,,,,,,,,,,,,,,,,,,,,,,,,,,,,,,,,,,,,,,,Yes,Yes,Yes
150,2012-08-14,12:00,6,N,Hu,15,-125,-150,-138,Russian corer,530.93,76.9,0.14,8.09,2.44,52.94,21.7,4.41,,9.7,,,,,,,,,,,,,,,,,,,,,,,,,,,,,,,,,,,,,,,,,,,,,,,,,,,,,,,,,Yes,Yes,Yes
151,2012-08-14,12:00,6,N,Hu,16,-150,-175,-163,Russian corer,530.93,74.8,0.14,8.28,2.75,52.73,19.2,4.51,,10,,,,,,,,,,,,,,,,,,,,,,,,,,,,,,,,,,,,,,,,,,,,,,,,,,,,,,,,,Yes,Yes,Yes
152,2012-08-14,12:00,6,N,Hu,17,-175,-200,-188,Russian corer,530.93,91,0.17,6.71,2.32,50.33,21.7,4.77,,14.8,,,,,,,,,,,,,,,,,,,,,,,,,,,,,,,,,,,,,,,,,,,,,,,,,,,,,,,,,Yes,Yes,Yes
153,2012-08-14,12:00,6,N,Ho,1,0,-10,-5,Hole saw,1368.11,43.5,0.03,14.98,1.19,44.6,37.6,3.79,,10.2,,,,,,,,,,,,,,,,,,,,,,,,,,,,,,,,,,,,,,,,,,,,,,,,,,,,,,,,,Yes,Yes,Yes
154,2012-08-14,12:00,6,N,Ho,2,-10,-20,-15,Hole saw,1368.11,61.6,0.05,10.14,1.01,45.89,45.5,3.72,,9.2,,,,,,,,,,,,,,,,,,,,,,,,,,,,,,,,,,,,,,,,,,,,,,,,,,,,,,,,,Yes,Yes,Yes
155,2012-08-14,12:00,6,N,Ho,3,-20,-30,-25,Hole saw,1368.11,126.4,0.09,4.49,1.01,47.78,47.1,3.78,,9.2,,,Woody debris,,,,,,,,,,,,,,,,,,,,,,,,,,,,,,,,,,,,,,,,,,,,,,,,,,,,,,Yes,Yes,Yes
156,2012-08-14,12:00,6,N,Ho,4,-30,-40,-35,Russian corer,318.56,59.2,0.19,6.24,2.25,52.67,23.4,3.89,,8,,,,,,,,,,,,,,,,,,,,,,,,,,,,,,,,,,,,,,,,,,,,,,,,,,,,,,,,,Yes,Yes,Yes
157,2012-08-14,12:00,6,N,Ho,5,-40,-50,-45,Russian corer,318.56,55.3,0.17,6.63,2.5,52.32,20.9,3.99,,8.3,,,,,,,,,,,,,,,,,,,,,,,,,,,,,,,,,,,,,,,,,,,,,,,,,,,,,,,,,Yes,Yes,Yes
158,2012-08-14,12:00,6,N,Ho,6,-50,-60,-55,Russian corer,318.56,42.4,0.13,7.97,2.3,51.61,22.4,3.96,,9.3,,,,,,,,,,,,,,,,,,,,,,,,,,,,,,,,,,,,,,,,,,,,,,,,,,,,,,,,,Yes,Yes,Yes
159,2012-08-14,12:00,6,N,Ho,7,-60,-70,-65,Russian corer,318.56,45.8,0.14,8.44,2.3,52.53,22.9,3.93,,7.6,,,,,,,,,,,,,,,,,,,,,,,,,,,,,,,,,,,,,,,,,,,,,,,,,,,,,,,,,Yes,Yes,Yes
160,2012-08-14,12:00,6,N,Ho,8,-70,-80,-75,Russian corer,318.56,50.7,0.16,7.88,2.39,53.77,22.5,4,,5.5,,,,,,,,,,,,,,,,,,,,,,,,,,,,,,,,,,,,,,,,,,,,,,,,,,,,,,,,,Yes,Yes,Yes
161,2012-08-14,12:00,6,N,Ho,9,-80,-90,-85,Russian corer,318.56,48.5,0.15,7.9,2.15,54.07,25.2,4.04,,5.1,,,,,,,,,,,,,,,,,,,,,,,,,,,,,,,,,,,,,,,,,,,,,,,,,,,,,,,,,Yes,Yes,Yes
162,2012-08-14,12:00,6,N,Ho,10,-90,-100,-95,Russian corer,318.56,49.4,0.15,7.41,2.47,54.75,22.1,4.22,,6.1,,,,,,,,,,,,,,,,,,,,,,,,,,,,,,,,,,,,,,,,,,,,,,,,,,,,,,,,,Yes,Yes,Yes
163,2012-08-14,12:00,6,N,Ho,11,-100,-125,-113,Russian corer,530.93,77.6,0.15,7.98,2.27,52.13,23.0,4.25,,10.4,,,,,,,,,,,,,,,,,,,,,,,,,,,,,,,,,,,,,,,,,,,,,,,,,,,,,,,,,Yes,Yes,Yes
164,2012-08-14,12:00,6,N,Ho,12,-125,-150,-138,Russian corer,530.93,78,0.15,7.89,2.63,52.86,20.1,4.48,,9.6,,,,,,,,,,,,,,,,,,,,,,,,,,,,,,,,,,,,,,,,,,,,,,,,,,,,,,,,,Yes,Yes,Yes
165,2012-08-14,12:00,6,N,Ho,13,-150,-175,-163,Russian corer,530.93,79.5,0.15,7.75,2.36,52.08,22.1,4.55,,10.6,,,,,,,,,,,,,,,,,,,,,,,,,,,,,,,,,,,,,,,,,,,,,,,,,,,,,,,,,Yes,Yes,Yes
166,2012-08-14,12:00,6,N,Ho,14,-175,-200,-188,Russian corer,530.93,99.8,0.19,6,2.37,49.59,20.9,4.73,,16.1,,,,,,,,,,,,,,,,,,,,,,,,,,,,,,,,,,,,,,,,,,,,,,,,,,,,,,,,,Yes,Yes,Yes
167,2012-08-14,12:00,6,T,Hu,1,22,20,21,Hole saw,273.62,20.1,0.07,5.56,,,,,,,,,,162016,-29.26,36,1.0439,,-61,-58,-62,0.9,47.2,52.2,-3.48,-29.04,,,,,,,,,,,,,,,,,,,,,,,,,,,,,,,,,,,,,,,,,No,Yes,Yes
168,2012-08-14,12:00,6,T,Hu,2,20,10,15,Hole saw,1368.11,37.6,0.03,8.76,1,48.38,48.5,3.92,,3.4,,,,162209,-29.13,42.6,1.0506,,-59,-57,-61,1.01,46.53,46.2,-1.85,-28.6,,,,,,,,,,,,,,,,,,,,,,,,,,,,,,,,,,,,,,,,,Yes,Yes,Yes
169,2012-08-14,12:00,6,T,Hu,3,10,0,5,Hole saw,1368.11,41.8,0.03,10.41,0.96,47.26,49.4,3.74,,3.7,,,,162210,-29.45,114,1.1226,,-44,-43,-45,0.95,45.48,47.7,-0.4,-27.61,,,,,,,,,,,,,,,,,,,,,,,,,,,,,,,,,,,,,,,,,Yes,Yes,Yes
170,2012-08-14,12:00,6,T,Hu,2,20,10,15,Hole saw,,,,,1.01,47.61,47.0,,,,,,,,,,,,,,,,,,,,674,0.0,4.0,V1,2571.5,0.0,1.6,V1,0.0,2.0,V1,4.9,3.0,V0,2560.7,1898.7,40.0,V0,662.1,177.3,1.0,V0,0.0,2.0,V1,0.0,40.0,V1,0.0,2.0,V1,708.6,14.7,4.0,V0,954.1,-9999,39.1,1.0,V0,Yes,Yes,Yes
171,2012-08-14,12:00,6,T,Hu,3,10,0,5,Hole saw,,,,,1.00,46.43,46.3,,,,,,,,,,,,,,,,,,,,1061,0.0,4.0,V1,2324.8,0.0,1.6,V1,0.0,2.0,V1,0.0,3.0,V1,2945.5,801.3,40.0,V0,547.6,64.8,1.0,V0,0.0,2.0,V1,0.0,40.0,V1,0.0,2.0,V1,665.5,18.0,4.0,V0,1115.1,-9999,37.9,1.0,V0,Yes,Yes,Yes
172,2012-08-14,12:00,6,T,Hu,4,0,-10,-5,Russian corer,318.56,10.6,0.03,12.35,,,,,,,,,,,,,,,,,,,,,,,,,,,,,,,,,,,,,,,,,,,,,,,,,,,,,,,,,,,,,,,No,Yes,Yes
173,2012-08-14,12:00,6,T,Hu,5,-10,-20,-15,Russian corer,318.56,12.6,0.04,12.43,,,,,,,,,,,,,,,,,,,,,,,,,,,,,,,,,,,,,,,,,,,,,,,,,,,,,,,,,,,,,,,No,Yes,Yes
174,2012-08-14,12:00,6,T,Hu,6,-20,-30,-25,Russian corer,318.56,22.4,0.07,10.79,,,,,,,,,,,,,,,,,,,,,,,,,,,,,,,,,,,,,,,,,,,,,,,,,,,,,,,,,,,,,,,No,Yes,Yes
175,2012-08-14,12:00,6,T,Hu,7,-30,-40,-35,Russian corer,318.56,48.7,0.15,6.83,1.26,50.56,40.1,3.79,,9.5,,,,,,,,,,,,,,,,,,,,,,,,,,,,,,,,,,,,,,,,,,,,,,,,,,,,,,,,,Yes,Yes,Yes
176,2012-08-14,12:00,6,T,Hu,8,-40,-50,-45,Russian corer,318.56,66.4,0.21,4.48,1.6,52.11,32.6,3.84,,9.9,,,,,,,,,,,,,,,,,,,,,,,,,,,,,,,,,,,,,,,,,,,,,,,,,,,,,,,,,Yes,Yes,Yes
177,2012-08-14,12:00,6,T,Hu,9,-50,-60,-55,Russian corer,318.56,60.8,0.19,5.27,2.06,53.5,25.9,3.79,,8.3,,,,,,,,,,,,,,,,,,,,,,,,,,,,,,,,,,,,,,,,,,,,,,,,,,,,,,,,,Yes,Yes,Yes
178,2012-08-14,12:00,6,T,Hu,10,-60,-70,-65,Russian corer,318.56,57.6,0.18,6.5,2.16,53.76,24.9,3.89,,6.9,,,,,,,,,,,,,,,,,,,,,,,,,,,,,,,,,,,,,,,,,,,,,,,,,,,,,,,,,Yes,Yes,Yes
179,2012-08-14,12:00,6,T,Hu,11,-70,-80,-75,Russian corer,318.56,52.2,0.16,7.75,2.61,54.48,20.9,3.95,,5.3,,,,,,,,,,,,,,,,,,,,,,,,,,,,,,,,,,,,,,,,,,,,,,,,,,,,,,,,,Yes,Yes,Yes
180,2012-08-14,12:00,6,T,Hu,12,-80,-90,-85,Russian corer,318.56,47.8,0.15,8.25,2.55,54.72,21.5,3.94,,4.9,,,,,,,,,,,,,,,,,,,,,,,,,,,,,,,,,,,,,,,,,,,,,,,,,,,,,,,,,Yes,Yes,Yes
181,2012-08-14,12:00,6,T,Hu,13,-90,-100,-95,Russian corer,318.56,49.8,0.16,7.73,2.91,54.38,18.7,4.09,,6,,,,,,,,,,,,,,,,,,,,,,,,,,,,,,,,,,,,,,,,,,,,,,,,,,,,,,,,,Yes,Yes,Yes
182,2012-08-14,12:00,6,T,Hu,14,-100,-125,-113,Russian corer,530.93,75.2,0.14,8.34,2.69,51.66,19.2,4.18,,10.6,,,,,,,,,,,,,,,,,,,,,,,,,,,,,,,,,,,,,,,,,,,,,,,,,,,,,,,,,Yes,Yes,Yes
183,2012-08-14,12:00,6,T,Hu,15,-125,-150,-138,Russian corer,530.93,75.4,0.14,8.08,2.47,54.72,22.2,4.29,,7.9,,,,,,,,,,,,,,,,,,,,,,,,,,,,,,,,,,,,,,,,,,,,,,,,,,,,,,,,,Yes,Yes,Yes
184,2012-08-14,12:00,6,T,Hu,16,-150,-175,-163,Russian corer,530.93,80.4,0.15,7.62,2.48,51.84,20.9,4.32,,9.9,,,,,,,,,,,,,,,,,,,,,,,,,,,,,,,,,,,,,,,,,,,,,,,,,,,,,,,,,Yes,Yes,Yes
185,2012-08-14,12:00,6,T,Hu,17,-175,-200,-188,Russian corer,530.93,100.5,0.19,6.01,2.28,47.52,20.8,4.54,,18.9,,,Mineral matter?,,,,,,,,,,,,,,,,,,,,,,,,,,,,,,,,,,,,,,,,,,,,,,,,,,,,,,Yes,Yes,Yes
186,2012-08-14,12:00,6,T,Ho,1,0,-10,-5,Hole saw,1368.11,25.1,0.02,15.8,,,,,,,,,,161622,-29.55,53.5,1.0616,,-57,-54,-60,0.96,45.85,47.7,-2.1,-29.61,764.6,6.1,1.0,V0,1989.0,0.0,0.5,V1,0.0,0.5,V1,0.0,0.5,V1,2627.0,2128.0,40.0,V0,565.3,34.5,0.5,V0,0.0,0.5,V1,108.9,5.0,V0,0.0,1.0,V1,643.8,7.4,2.5,V0,918.2,393.1,30.3,1.0,V0,No,Yes,Yes
187,2012-08-14,12:00,6,T,Ho,2,-10,-20,-15,Hole saw,1368.11,46.1,0.03,10.77,0.98,48.45,49.6,3.77,,5,,,,161623,-28.07,125.1,1.1337,,-43,-42,-44,0.83,46.32,55.5,-1.23,-28.09,1599.0,3.1,1.0,V0,1894.0,0.0,0.5,V1,0.0,0.5,V1,0.0,0.5,V1,2328.0,1137.0,40.0,V0,504.9,137.2,0.5,V0,0.0,0.5,V1,70.3,5.0,V0,0.0,1.0,V1,553.9,0.0,2.5,V1,1092.0,1355.0,28.5,1.0,V0,Yes,Yes,Yes
188,2012-08-14,12:00,6,T,Ho,3,-20,-30,-25,Hole saw,1368.11,133.2,0.1,2.95,0.34,49.16,144.1,3.82,,2.3,,,Woody debris,161624,-26.2,158.4,1.1672,,3,4,3,0.31,48.11,156.7,-1.07,-26.06,572.3,0.0,1.0,V1,617.9,0.0,0.5,V1,0.0,0.5,V1,0.0,0.5,V1,695.4,286.9,40.0,V0,137.8,11.2,0.5,V0,0.0,0.5,V1,5.0,5.0,V0,0.0,1.0,V1,160.1,0.0,2.5,V1,412.4,419.5,9.3,1.0,V0,Yes,Yes,Yes
189,2012-08-14,12:00,6,T,Ho,4,-30,-40,-35,Russian corer,318.56,77.4,0.24,4.48,1.71,52.67,30.9,3.83,,9.9,,,,161625,-26.45,-226.6,0.7793,2005,1955,1878,2042,1.69,51.88,30.8,0.64,-26.53,4218.0,0.0,1.0,V1,1407.0,0.0,0.5,V1,1.1,0.5,V0,0.0,0.5,V1,647.0,292.3,40.0,V0,225.3,3.3,0.5,V0,0.0,0.5,V1,37.8,5.0,V0,0.0,1.0,V1,403.3,0.0,2.5,V1,1663.0,846.0,3.7,1.0,V0,Yes,Yes,Yes
190,2012-08-14,12:00,6,T,Ho,5,-40,-50,-45,Russian corer,318.56,64.5,0.2,5.17,2.19,52.73,24.1,3.86,,9.7,,,,161626,-26.29,-310.7,0.6945,2930,3082,2993,3165,2.14,50.81,23.7,0.08,-26.29,3973.0,0.0,1.0,V1,1034.0,0.0,0.5,V1,1.3,0.5,V0,0.0,0.5,V1,466.5,139.3,40.0,V0,152.4,1.1,0.5,V0,0.0,0.5,V1,21.6,5.0,V0,2.3,1.0,V0,378.3,0.0,2.5,V1,1700.0,840.7,5.6,1.0,V0,Yes,Yes,Yes
191,2012-08-14,12:00,6,T,Ho,6,-50,-60,-55,Russian corer,318.56,51.8,0.16,6.11,1.89,52.66,27.9,3.92,,9.9,,,,162780,-26.5,-248,0.758,2230,,,,1.79,50,28,0.42,-26.58,3572.0,0.0,1.0,V1,1208.0,0.0,0.5,V1,1.1,0.5,V0,0.0,0.5,V1,564.6,155.7,40.0,V0,185.7,1.9,0.5,V0,0.0,0.5,V1,25.8,5.0,V0,1.3,1.0,V0,373.2,0.0,2.5,V1,1553.0,980.7,3.2,1.0,V0,Yes,Yes,Yes
192,2012-08-14,12:00,6,T,Ho,7,-60,-70,-65,Russian corer,318.56,62.1,0.19,6.09,2.19,52.67,24.1,3.83,,9.6,,,,161627,-26.33,-319.3,0.6859,3030,3313,3337,3277,2.11,51.48,24.3,-0.17,-26.26,3220.0,0.0,1.0,V1,780.0,0.0,0.5,V1,0.0,0.5,V1,0.0,0.5,V1,349.5,120.2,40.0,V0,107.8,0.0,0.5,V1,0.0,0.5,V1,14.5,5.0,V0,0.0,1.0,V1,277.7,0.0,2.5,V1,1299.0,547.5,3.7,1.0,V0,Yes,Yes,Yes
193,2012-08-14,12:00,6,T,Ho,8,-70,-80,-75,Russian corer,318.56,57.9,0.18,6.95,2.44,54.38,22.3,3.89,,6.4,,,,,,,,,,,,,,,,,3620.0,0.0,2.0,V1,826.6,0.0,1.0,V1,0.0,1.0,V1,0.0,1.0,V1,338.8,269.0,40.0,V0,92.0,0.0,1.0,V1,0.0,1.0,V1,0.0,10.0,V1,0.0,2.0,V1,284.4,0.0,5.0,V1,1651.6,290.0,0.0,1.0,V1,Yes,Yes,Yes
194,2012-08-14,12:00,6,T,Ho,9,-80,-90,-85,Russian corer,318.56,50.2,0.16,7.79,2.75,54.57,19.8,3.99,,0,,,,161628,-25.54,-382.8,0.6219,3815,4200,4095,4293,2.53,52.89,20.9,-0.81,-25.48,2758.0,0.0,2.0,V1,767.4,0.0,1.0,V1,0.0,1.0,V1,0.0,1.0,V1,293.6,192.9,40.0,V0,59.6,0.0,1.0,V1,0.0,1.0,V1,0.0,10.0,V1,0.0,2.0,V1,297.2,0.0,5.0,V1,1557.2,296.4,0.0,1.0,V1,Yes,Yes,Yes
195,2012-08-14,12:00,6,T,Ho,10,-90,-100,-95,Russian corer,318.56,43.4,0.14,8.27,2.46,54.18,22.0,3.92,,4.7,,,,,,,,,,,,,,,,,2468.0,0.0,2.0,V1,907.2,0.0,1.0,V1,0.0,1.0,V1,0.0,1.0,V1,375.6,126.9,40.0,V0,67.3,0.0,1.0,V1,0.0,1.0,V1,0.0,10.0,V1,0.0,2.0,V1,374.4,0.0,5.0,V1,1461.2,337.4,0.0,1.0,V1,Yes,Yes,Yes
196,2012-08-14,12:00,6,T,Ho,11,-100,-125,-113,Russian corer,530.93,78.7,0.15,7.95,2.68,54.07,20.2,4.04,,6.1,,,,161629,-25.74,-384.3,0.6205,3835,4234,4150,4404,2.65,52.19,19.7,-0.34,-25.71,2690.0,0.0,2.0,V1,1085.8,0.0,1.0,V1,0.0,1.0,V1,0.0,1.0,V1,526.0,203.0,40.0,V0,100.8,0.0,1.0,V1,0.0,1.0,V1,0.0,10.0,V1,0.0,2.0,V1,404.2,0.0,5.0,V1,1617.2,340.6,0.0,1.0,V1,Yes,Yes,Yes
197,2012-08-14,12:00,6,T,Ho,12,-125,-150,-138,Russian corer,530.93,83.2,0.16,7.63,2.39,51.09,21.4,3.87,,12.7,,,,,,,,,,,,,,,,,5070.0,0.0,2.0,V1,1113.2,0.0,1.0,V1,0.0,1.0,V1,0.0,1.0,V1,971.2,492.4,40.0,V0,241.4,0.0,1.0,V1,0.0,1.0,V1,0.0,10.0,V1,0.0,2.0,V1,449.4,0.0,5.0,V1,1402.6,283.8,0.0,1.0,V1,Yes,Yes,Yes
198,2012-08-14,12:00,6,T,Ho,13,-150,-175,-163,Russian corer,530.93,71.8,0.14,8.69,2.7,53.81,19.9,4.17,,7.4,,,,161630,-25.8,-421.7,0.5827,4340,4906,4845,5026,2.74,53.54,19.6,-0.47,-25.78,3100.0,0.0,2.0,V1,943.2,0.0,1.0,V1,0.0,1.0,V1,0.0,1.0,V1,585.6,355.4,40.0,V0,132.0,0.0,1.0,V1,0.0,1.0,V1,0.0,10.0,V1,0.0,2.0,V1,321.2,0.0,5.0,V1,1426.8,236.0,0.0,1.0,V1,Yes,Yes,Yes
199,2012-08-14,12:00,6,T,Ho,14,-175,-200,-188,Russian corer,530.93,78.2,0.15,7.92,2.49,52.45,21.0,4.24,,10.8,,,,,,,,,,,,,,,,,4144.0,0.0,2.0,V1,1150.8,0.0,1.0,V1,0.0,1.0,V1,0.0,1.0,V1,788.8,324.8,40.0,V0,146.0,0.0,1.0,V1,0.0,1.0,V1,119.7,10.0,V0,0.0,2.0,V1,414.8,0.0,5.0,V1,1391.0,304.2,0.0,1.0,V1,Yes,Yes,Yes
200,2012-08-14,12:00,6,T,Ho,15,-200,-250,-225,Russian corer,1061.86,204.8,0.19,5.77,2.65,51.05,19.2,4.62,,13,,,,161631,-26.4,-611.8,0.3911,7540,8369,8325,8407,2.63,50.58,19.2,0.66,-26.44,5454.0,0.0,2.0,V1,2382.0,0.0,1.0,V1,0.0,1.0,V1,0.0,1.0,V1,1436.6,340.2,40.0,V0,257.8,0.0,1.0,V1,0.0,1.0,V1,0.0,10.0,V1,0.0,2.0,V1,530.2,0.0,5.0,V1,1972.6,385.2,0.0,1.0,V1,Yes,Yes,Yes
201,2012-08-14,12:00,7,N,Hu,1,18,10,14,Hole saw,1094.49,27,0.02,3.71,,,,,,,,,,,,,,,,,,,,,,,,,,,,,,,,,,,,,,,,,,,,,,,,,,,,,,,,,,,,,,,No,Yes,Yes
202,2012-08-14,12:00,7,N,Hu,2,10,0,5,Hole saw,1368.11,35.2,0.03,5.88,,,,,,,,,,,,,,,,,,,,,,,,,,,,,,,,,,,,,,,,,,,,,,,,,,,,,,,,,,,,,,,No,Yes,Yes
203,2012-08-14,12:00,7,N,Hu,2,10,0,5,Hole saw,,,,,0.76,49.66,65.7,,,,,,,,,,,,,,,,,,,,263,0.0,4.0,V1,1944.9,0.0,1.6,V1,0.0,2.0,V1,0.0,3.0,V1,1064.1,1583.4,40.0,V0,500.2,405.8,1.0,V0,0.0,2.0,V1,0.0,40.0,V1,0.0,2.0,V1,526.4,6.6,4.0,V0,670.9,-9999,35.1,1.0,V0,Yes,Yes,Yes
204,2012-08-14,12:00,7,N,Hu,3,0,-10,-5,Russian corer,318.56,4.6,0.01,14.3,,,,,,,,,,,,,,,,,,,,,,,,,,,,,,,,,,,,,,,,,,,,,,,,,,,,,,,,,,,,,,,No,Yes,Yes
205,2012-08-14,12:00,7,N,Hu,4,-10,-20,-15,Russian corer,318.56,12.8,0.04,11.69,,,,,,,,,,,,,,,,,,,,,,,,,,,,,,,,,,,,,,,,,,,,,,,,,,,,,,,,,,,,,,,No,Yes,Yes
206,2012-08-14,12:00,7,N,Hu,5,-20,-30,-25,Russian corer,318.56,21.9,0.07,9.64,,,,,,,,,,,,,,,,,,,,,,,,,,,,,,,,,,,,,,,,,,,,,,,,,,,,,,,,,,,,,,,No,Yes,Yes
207,2012-08-14,12:00,7,N,Hu,6,-30,-40,-35,Russian corer,318.56,39.2,0.12,8.82,1.35,50.45,37.4,3.68,,7.6,,,,,,,,,,,,,,,,,,,,,,,,,,,,,,,,,,,,,,,,,,,,,,,,,,,,,,,,,Yes,Yes,Yes
208,2012-08-14,12:00,7,N,Hu,7,-40,-50,-45,Russian corer,318.56,69.3,0.22,5.83,1.51,52.09,34.5,3.79,,8.2,,,,,,,,,,,,,,,,,,,,,,,,,,,,,,,,,,,,,,,,,,,,,,,,,,,,,,,,,Yes,Yes,Yes
209,2012-08-14,12:00,7,N,Hu,8,-50,-60,-55,Russian corer,318.56,66,0.21,5.5,1.61,53.09,33.1,3.9,,8.5,,,,,,,,,,,,,,,,,,,,,,,,,,,,,,,,,,,,,,,,,,,,,,,,,,,,,,,,,Yes,Yes,Yes
210,2012-08-14,12:00,7,N,Hu,9,-60,-70,-65,Russian corer,318.56,54.6,0.17,6.95,1.94,53.87,27.8,3.76,,5.5,,,,,,,,,,,,,,,,,,,,,,,,,,,,,,,,,,,,,,,,,,,,,,,,,,,,,,,,,Yes,Yes,Yes
211,2012-08-14,12:00,7,N,Hu,10,-70,-80,-75,Russian corer,318.56,57.3,0.18,6.63,3.16,52.42,16.6,3.97,,8.6,,,,,,,,,,,,,,,,,,,,,,,,,,,,,,,,,,,,,,,,,,,,,,,,,,,,,,,,,Yes,Yes,Yes
212,2012-08-14,12:00,7,N,Hu,11,-80,-90,-85,Russian corer,318.56,56.3,0.18,7.12,2.53,52.76,20.8,4.02,,8.6,,,,,,,,,,,,,,,,,,,,,,,,,,,,,,,,,,,,,,,,,,,,,,,,,,,,,,,,,Yes,Yes,Yes
213,2012-08-14,12:00,7,N,Hu,12,-90,-100,-95,Russian corer,318.56,42.5,0.13,8.4,2.24,54.22,24.2,3.99,,5.5,,,,,,,,,,,,,,,,,,,,,,,,,,,,,,,,,,,,,,,,,,,,,,,,,,,,,,,,,Yes,Yes,Yes
214,2012-08-14,12:00,7,N,Hu,13,-100,-125,-113,Russian corer,530.93,74.4,0.14,8.84,2.83,53.78,19.0,4.16,,6.3,,,,,,,,,,,,,,,,,,,,,,,,,,,,,,,,,,,,,,,,,,,,,,,,,,,,,,,,,Yes,Yes,Yes
215,2012-08-14,12:00,7,N,Hu,14,-125,-150,-138,Russian corer,530.93,80.8,0.15,8.04,2.68,50.97,19.0,4.49,,12.4,,,,,,,,,,,,,,,,,,,,,,,,,,,,,,,,,,,,,,,,,,,,,,,,,,,,,,,,,Yes,Yes,Yes
216,2012-08-14,12:00,7,N,Hu,15,-150,-175,-163,Russian corer,530.93,61.6,0.12,9.59,2.34,53.13,22.7,3.36,,9,,,,,,,,,,,,,,,,,,,,,,,,,,,,,,,,,,,,,,,,,,,,,,,,,,,,,,,,,Yes,Yes,Yes
217,2012-08-14,12:00,7,N,Hu,16,-175,-200,-188,Russian corer,530.93,67.4,0.13,9.48,2.43,51.7,21.3,4.65,,10.4,,,,,,,,,,,,,,,,,,,,,,,,,,,,,,,,,,,,,,,,,,,,,,,,,,,,,,,,,Yes,Yes,Yes
218,2012-08-14,12:00,7,N,Ho,1,0,-10,-5,Hole saw,1368.11,37.5,0.03,14.39,1.06,48.22,45.5,3.75,,3.5,,,,,,,,,,,,,,,,,,,,,,,,,,,,,,,,,,,,,,,,,,,,,,,,,,,,,,,,,Yes,Yes,Yes
219,2012-08-14,12:00,7,N,Ho,2,-10,-20,-15,Hole saw,1368.11,57,0.04,11.42,1.43,48.72,34.1,3.71,,5.4,,,,,,,,,,,,,,,,,,,,,,,,,,,,,,,,,,,,,,,,,,,,,,,,,,,,,,,,,Yes,Yes,Yes
220,2012-08-14,12:00,7,N,Ho,3,-20,-30,-25,Hole saw,1368.11,75,0.05,8.32,1.16,47.1,40.6,3.67,,11.1,,,,,,,,,,,,,,,,,,,,,,,,,,,,,,,,,,,,,,,,,,,,,,,,,,,,,,,,,Yes,Yes,Yes
221,2012-08-14,12:00,7,N,Ho,4,-30,-40,-35,Russian corer,318.56,41,0.13,8.01,1.38,49.69,36.0,3.7,,9.1,,,,,,,,,,,,,,,,,,,,,,,,,,,,,,,,,,,,,,,,,,,,,,,,,,,,,,,,,Yes,Yes,Yes
222,2012-08-14,12:00,7,N,Ho,5,-40,-50,-45,Russian corer,318.56,55.7,0.17,5.42,1.37,50.17,36.7,3.79,,11.2,,,,,,,,,,,,,,,,,,,,,,,,,,,,,,,,,,,,,,,,,,,,,,,,,,,,,,,,,Yes,Yes,Yes
223,2012-08-14,12:00,7,N,Ho,6,-50,-60,-55,Russian corer,318.56,74.8,0.23,4.4,1.39,51.54,37.1,3.84,,11,,,,,,,,,,,,,,,,,,,,,,,,,,,,,,,,,,,,,,,,,,,,,,,,,,,,,,,,,Yes,Yes,Yes
224,2012-08-14,12:00,7,N,Ho,7,-60,-70,-65,Russian corer,318.56,70,0.22,4.87,1.86,54.13,29.1,3.76,,7.2,,,,,,,,,,,,,,,,,,,,,,,,,,,,,,,,,,,,,,,,,,,,,,,,,,,,,,,,,Yes,Yes,Yes
225,2012-08-14,12:00,7,N,Ho,8,-70,-80,-75,Russian corer,318.56,60.9,0.19,6.24,2.15,53.97,25.1,3.84,,5.7,,,,,,,,,,,,,,,,,,,,,,,,,,,,,,,,,,,,,,,,,,,,,,,,,,,,,,,,,Yes,Yes,Yes
226,2012-08-14,12:00,7,N,Ho,9,-80,-90,-85,Russian corer,318.56,63.4,0.2,6.15,2.68,52.5,19.6,4.02,,9.2,,,,,,,,,,,,,,,,,,,,,,,,,,,,,,,,,,,,,,,,,,,,,,,,,,,,,,,,,Yes,Yes,Yes
227,2012-08-14,12:00,7,N,Ho,10,-90,-100,-95,Russian corer,318.56,56.7,0.18,6.88,2.42,53.76,22.2,4.01,,7,,,,,,,,,,,,,,,,,,,,,,,,,,,,,,,,,,,,,,,,,,,,,,,,,,,,,,,,,Yes,Yes,Yes
228,2012-08-14,12:00,7,N,Ho,11,-100,-125,-113,Russian corer,530.93,71.5,0.13,9.02,2.49,54.46,21.9,4.04,,4.9,,,,,,,,,,,,,,,,,,,,,,,,,,,,,,,,,,,,,,,,,,,,,,,,,,,,,,,,,Yes,Yes,Yes
229,2012-08-14,12:00,7,N,Ho,12,-125,-150,-138,Russian corer,530.93,73.4,0.14,8.54,2.97,52.85,17.8,4.31,,8,,,,,,,,,,,,,,,,,,,,,,,,,,,,,,,,,,,,,,,,,,,,,,,,,,,,,,,,,Yes,Yes,Yes
230,2012-08-14,12:00,7,N,Ho,13,-150,-175,-163,Russian corer,530.93,69.5,0.13,8.6,2.5,51.58,20.6,4.51,,11.2,,,,,,,,,,,,,,,,,,,,,,,,,,,,,,,,,,,,,,,,,,,,,,,,,,,,,,,,,Yes,Yes,Yes
231,2012-08-14,12:00,7,N,Ho,14,-175,-200,-188,Russian corer,530.93,75.3,0.14,8.6,2.27,52.45,23.1,4.51,,10.8,,,,,,,,,,,,,,,,,,,,,,,,,,,,,,,,,,,,,,,,,,,,,,,,,,,,,,,,,Yes,Yes,Yes
232,2012-08-14,12:00,7,T,Hu,1,22,20,21,Hole saw,273.62,31.9,0.12,1.5,,,,,,,,,,162211,-28.47,27.7,1.0356,,-62,-61,-62,0.92,47.76,51.8,-1.82,-28.54,,,,,,,,,,,,,,,,,,,,,,,,,,,,,,,,,,,,,,,,,No,Yes,Yes
233,2012-08-14,12:00,7,T,Hu,2,20,10,15,Hole saw,1368.11,34.8,0.03,3.79,,,,,,,,,,162212,-27.66,31.2,1.0391,,-62,-60,-62,0.81,46.58,57.5,0.15,-26.71,,,,,,,,,,,,,,,,,,,,,,,,,,,,,,,,,,,,,,,,,No,Yes,Yes
234,2012-08-14,12:00,7,T,Hu,3,10,0,5,Hole saw,1368.11,33.3,0.02,6.81,,,,,,,,,,162213,-28.19,46.4,1.0544,,-57,-56,-58,0.86,46,46,-0.2,-27.69,,,,,,,,,,,,,,,,,,,,,,,,,,,,,,,,,,,,,,,,,No,Yes,Yes
235,2012-08-14,12:00,7,T,Hu,1,22,20,21,Hole saw,,,,,1.05,50.15,48.0,,,,,,,,,,,,,,,,,,,,174,5.5,4,V0,4202.7,0.0,1.6,V1,0.0,2.0,V1,4.1,3.0,V0,216.1,4012.7,40.0,V0,1026.7,691.7,1.0,V0,0.0,2.0,V1,0.0,40.0,V1,0.0,2.0,V1,812.5,0.0,4.0,V1,861.9,-9999,47.9,1.0,V0,Yes,Yes,Yes
236,2012-08-14,12:00,7,T,Hu,2,20,10,15,Hole saw,,,,,0.85,49.25,58.1,,,,,,,,,,,,,,,,,,,,142,0.0,4.0,V1,1994.5,0.0,1.6,V1,0.0,2.0,V1,10.7,3.0,V0,261.6,5503.3,40.0,V0,1064.9,264.4,1.0,V0,0.0,2.0,V1,0.0,40.0,V1,0.0,2.0,V1,982.4,5.6,4.0,V0,843.1,-9999,53.3,1.0,V0,Yes,Yes,Yes
237,2012-08-14,12:00,7,T,Hu,3,10,0,5,Hole saw,,,,,0.97,49.31,50.7,,,,,,,,,,,,,,,,,,,,442,0.0,4.0,V1,1144.1,0.0,1.6,V1,0.0,2.0,V1,6.7,3.0,V0,1503.8,2313.8,40.0,V0,778.2,138.5,1.0,V0,0.0,2.0,V1,0.0,40.0,V1,0.0,2.0,V1,726.3,5.7,4.0,V0,960.1,-9999,51.2,1.0,V0,Yes,Yes,Yes
238,2012-08-14,12:00,7,T,Hu,4,0,-10,-5,Russian corer,,,,,,,,,,,,No peat at this depth,,,,,,,,,,,,,,,,,,,,,,,,,,,,,,,,,,,,,,,,,,,,,,,,,,,,,,,No,No,No
239,2012-08-14,12:00,7,T,Hu,5,-10,-20,-15,Russian corer,212.37,5.6,0.03,13.83,,,,,,,,,,,,,,,,,,,,,,,,,,,,,,,,,,,,,,,,,,,,,,,,,,,,,,,,,,,,,,,No,Yes,No
240,2012-08-14,12:00,7,T,Hu,6,-20,-30,-25,Russian corer,318.56,17.6,0.06,11.33,,,,,,,,,,,,,,,,,,,,,,,,,,,,,,,,,,,,,,,,,,,,,,,,,,,,,,,,,,,,,,,No,Yes,Yes
241,2012-08-14,12:00,7,T,Hu,7,-30,-40,-35,Russian corer,318.56,31.6,0.1,8.49,,,,,,,,,,,,,,,,,,,,,,,,,,,,,,,,,,,,,,,,,,,,,,,,,,,,,,,,,,,,,,,No,Yes,Yes
242,2012-08-14,12:00,7,T,Hu,8,-40,-50,-45,Russian corer,318.56,56.4,0.18,4.89,1.32,49.38,37.4,3.81,,,,,,,,,,,,,,,,,,,,,,,,,,,,,,,,,,,,,,,,,,,,,,,,,,,,,,,,,,,Yes,Yes,Yes
243,2012-08-14,12:00,7,T,Hu,9,-50,-60,-55,Russian corer,318.56,79,0.25,4.75,1.51,50.28,33.3,3.82,,10.7,,,,,,,,,,,,,,,,,,,,,,,,,,,,,,,,,,,,,,,,,,,,,,,,,,,,,,,,,Yes,Yes,Yes
244,2012-08-14,12:00,7,T,Hu,10,-60,-70,-65,Russian corer,318.56,73.3,0.23,5.07,1.88,52.58,28.0,3.88,,7.8,,,,,,,,,,,,,,,,,,,,,,,,,,,,,,,,,,,,,,,,,,,,,,,,,,,,,,,,,Yes,Yes,Yes
245,2012-08-14,12:00,7,T,Hu,11,-70,-80,-75,Russian corer,318.56,65,0.2,5.89,2.86,52.12,18.2,3.98,,8.4,,,,,,,,,,,,,,,,,,,,,,,,,,,,,,,,,,,,,,,,,,,,,,,,,,,,,,,,,Yes,Yes,Yes
246,2012-08-14,12:00,7,T,Hu,12,-80,-90,-85,Russian corer,318.56,56.1,0.18,6.53,2.77,52.52,19.0,4,,9.3,,,,,,,,,,,,,,,,,,,,,,,,,,,,,,,,,,,,,,,,,,,,,,,,,,,,,,,,,Yes,Yes,Yes
247,2012-08-14,12:00,7,T,Hu,13,-90,-100,-95,Russian corer,318.56,44.7,0.14,8.08,2.33,53.68,23.0,4.01,,6.2,,,,,,,,,,,,,,,,,,,,,,,,,,,,,,,,,,,,,,,,,,,,,,,,,,,,,,,,,Yes,Yes,Yes
248,2012-08-14,12:00,7,T,Hu,14,-100,-125,-113,Russian corer,530.93,76.3,0.14,8.64,2.48,54.84,22.1,4.09,,5.7,,,,,,,,,,,,,,,,,,,,,,,,,,,,,,,,,,,,,,,,,,,,,,,,,,,,,,,,,Yes,Yes,Yes
249,2012-08-14,12:00,7,T,Hu,15,-125,-150,-138,Russian corer,530.93,80.1,0.15,8.05,2.82,52.03,18.5,4.34,,11.6,,,,,,,,,,,,,,,,,,,,,,,,,,,,,,,,,,,,,,,,,,,,,,,,,,,,,,,,,Yes,Yes,Yes
250,2012-08-14,12:00,7,T,Hu,16,-150,-175,-163,Russian corer,530.93,72.5,0.14,9.08,2.57,52.92,20.6,4.4,,9.1,,,,,,,,,,,,,,,,,,,,,,,,,,,,,,,,,,,,,,,,,,,,,,,,,,,,,,,,,Yes,Yes,Yes
251,2012-08-14,12:00,7,T,Hu,17,-175,-200,-188,Russian corer,530.93,73.4,0.14,8.6,2.45,51.95,21.2,4.63,,11.8,,,,,,,,,,,,,,,,,,,,,,,,,,,,,,,,,,,,,,,,,,,,,,,,,,,,,,,,,Yes,Yes,Yes
252,2012-08-14,12:00,7,T,Ho,1,0,-10,-5,Hole saw,1368.11,28.5,0.02,6.99,,,,,,,,,,161632,-28.21,71.7,1.0799,,-53,-51,-54,1.12,47.33,42.2,-2.06,-28.12,1096.4,0.0,2.0,V1,2488.0,0.0,1.0,V1,0.0,1.0,V1,0.0,1.0,V1,2064.0,1335.0,40.0,V0,584.8,174.2,1.0,V0,0.0,1.0,V1,0.0,10.0,V1,0.0,2.0,V1,622.2,0.0,5.0,V1,1057.0,228.8,2.9,1.0,V0,No,Yes,Yes
253,2012-08-14,12:00,7,T,Ho,2,-10,-20,-15,Hole saw,1368.11,43.1,0.03,8.64,1.09,49.35,45.3,3.72,,6.5,,,,161633,-27.81,116.8,1.1254,,-45,-43,-46,1.05,46.59,44.5,-0.97,-27.73,1169.6,0.0,2.0,V1,2426.0,0.0,1.0,V1,0.0,1.0,V1,0.0,1.0,V1,3190.0,1005.0,40.0,V0,582.6,102.6,1.0,V0,0.0,1.0,V1,0.0,10.0,V1,0.0,2.0,V1,633.8,0.0,5.0,V1,1150.8,236.6,10.0,1.0,V0,Yes,Yes,Yes
254,2012-08-14,12:00,7,T,Ho,3,-20,-30,-25,Hole saw,1368.11,39.2,0.03,9.3,1.1,48.54,44.2,3.7,,8.4,,,,161634,-27.85,182.5,1.1915,,-37,-36,-38,1.02,46.17,45.5,-0.8,-27.73,1668.2,0.0,2.0,V1,2306.0,0.0,1.0,V1,0.0,1.0,V1,0.0,1.0,V1,2258.0,690.4,40.0,V0,508.4,90.1,1.0,V0,0.0,1.0,V1,0.0,10.0,V1,0.0,2.0,V1,564.2,0.0,5.0,V1,1347.6,267.0,3.0,1.0,V0,Yes,Yes,Yes
255,2012-08-14,12:00,7,T,Ho,4,-30,-40,-35,Russian corer,318.56,30.3,0.1,11.69,,,,,,,,,,161635,-26.6,37.5,1.0454,,0,1,-1,1.19,45.22,38,1.14,-26.93,2544.0,0.0,2.0,V1,2116.0,0.0,1.0,V1,0.0,1.0,V1,0.0,1.0,V1,1721.8,345.2,40.0,V0,402.8,0.0,1.0,V1,0.0,1.0,V1,0.0,10.0,V1,0.0,2.0,V1,504.6,0.0,5.0,V1,1928.0,313.6,0.0,1.0,V1,No,Yes,Yes
256,2012-08-14,12:00,7,T,Ho,5,-40,-50,-45,Russian corer,318.56,53.3,0.17,5.73,1.37,49.81,36.5,3.81,,12.1,,,,161636,-26.02,-68.5,0.9386,510,529,507,551,1.25,47.73,38.3,2.37,-26.52,2484.0,0.0,2.0,V1,1738.2,0.0,1.0,V1,0.0,1.0,V1,0.0,1.0,V1,1042.2,182.7,40.0,V0,266.4,0.0,1.0,V1,0.0,1.0,V1,0.0,10.0,V1,0.0,2.0,V1,387.6,0.0,5.0,V1,1480.8,550.8,0.0,1.0,V1,Yes,Yes,Yes
257,2012-08-14,12:00,7,T,Ho,6,-50,-60,-55,Russian corer,318.56,93.8,0.29,3.94,1.37,50.82,37.1,3.83,,13.8,,,,162781,-26.5,-157.5,0.849,1315,,,,1.27,48.62,38.3,2.48,-26.53,3056.0,0.0,2.0,V1,1552.0,0.0,1.0,V1,0.0,1.0,V1,0.0,1.0,V1,713.8,177.7,40.0,V0,218.4,0.0,1.0,V1,0.0,1.0,V1,0.0,10.0,V1,0.0,2.0,V1,332.4,0.0,5.0,V1,1428.2,730.0,0.0,1.0,V1,Yes,Yes,Yes
258,2012-08-14,12:00,7,T,Ho,7,-60,-70,-65,Russian corer,318.56,85.9,0.27,4.36,1.78,53.69,30.1,3.87,,9.8,,,,161637,-26.44,-244.9,0.7609,2195,2240,2144,2309,1.65,51.87,31.5,0.01,-26.87,3094.0,0.0,2.0,V1,1520.2,0.0,1.0,V1,0.0,1.0,V1,0.0,1.0,V1,558.0,111.7,40.0,V0,180.8,0.0,1.0,V1,0.0,1.0,V1,0.0,10.0,V1,0.0,2.0,V1,262.2,0.0,5.0,V1,1543.0,515.8,0.0,1.0,V1,Yes,Yes,Yes
259,2012-08-14,12:00,7,T,Ho,8,-70,-80,-75,Russian corer,318.56,65.9,0.21,5.71,2.51,53.78,21.4,4.05,,6.4,,,,,,,,,,,,,,,,,3116.0,0.0,2.0,V1,1066.0,0.0,1.0,V1,0.0,1.0,V1,0.0,1.0,V1,411.6,111.7,40.0,V0,119.1,0.0,1.0,V1,0.0,1.0,V1,0.0,10.0,V1,0.0,2.0,V1,340.4,0.0,5.0,V1,1562.8,349.0,0.0,1.0,V1,Yes,Yes,Yes
260,2012-08-14,12:00,7,T,Ho,9,-80,-90,-85,Russian corer,318.56,61.6,0.19,6.04,2.75,52.24,19.0,4.03,,9.4,,,,161638,-25.86,-328.2,0.6769,3135,3364,3254,3442,2.65,49.98,18.9,0.04,-25.95,3744.0,0.0,2.0,V1,868.6,0.0,1.0,V1,0.0,1.0,V1,0.0,1.0,V1,415.0,198.0,40.0,V0,109.7,0.0,1.0,V1,0.0,1.0,V1,0.0,10.0,V1,0.0,2.0,V1,313.8,0.0,5.0,V1,1544.0,401.8,0.0,1.0,V1,Yes,Yes,Yes
261,2012-08-14,12:00,7,T,Ho,10,-90,-100,-95,Russian corer,318.56,46.6,0.15,7.32,2.78,53.46,19.2,4.04,,7.1,,,,,,,,,,,,,,,,,3002.0,0.0,2.0,V1,925.4,0.0,1.0,V1,0.0,1.0,V1,0.0,1.0,V1,414.4,152.3,40.0,V0,86.4,0.0,1.0,V1,0.0,1.0,V1,0.0,10.0,V1,0.0,2.0,V1,304.2,0.0,5.0,V1,1505.2,333.8,0.0,1.0,V1,Yes,Yes,Yes
262,2012-08-14,12:00,7,T,Ho,11,-100,-125,-113,Russian corer,530.93,76.9,0.14,8.47,2.9,54.17,18.7,4.08,,5.8,,,,161639,-25.73,-385.4,0.6193,3850,4269,4156,4406,2.5,50.59,20.3,-0.15,-25.83,2910.0,0.0,2.0,V1,1456.6,0.0,1.0,V1,0.0,1.0,V1,0.0,1.0,V1,654.8,203.0,40.0,V0,107.3,0.0,1.0,V1,0.0,1.0,V1,0.0,10.0,V1,0.0,2.0,V1,350.4,0.0,5.0,V1,1484.2,324.6,0.0,1.0,V1,Yes,Yes,Yes
263,2012-08-14,12:00,7,T,Ho,12,-125,-150,-138,Russian corer,530.93,76.2,0.14,8.32,2.89,52.2,18.0,3.98,,10,,,,,,,,,,,,,,,,,3772.0,0.0,2.0,V1,1258.4,0.0,1.0,V1,0.0,1.0,V1,0.0,1.0,V1,1034.4,426.4,40.0,V0,241.8,0.0,1.0,V1,0.0,1.0,V1,0.0,10.0,V1,0.0,2.0,V1,424.4,0.0,5.0,V1,1419.2,229.8,0.0,1.0,V1,Yes,Yes,Yes
264,2012-08-14,12:00,7,T,Ho,13,-150,-175,-163,Russian corer,530.93,67.1,0.13,8.99,2.63,53.44,20.3,4.43,,8.4,,,,161640,-25.87,-490.5,0.5134,5355,6139,6002,6274,2.48,50.35,20.3,0.15,-26.01,3874.0,0.0,2.0,V1,2534.0,0.0,1.0,V1,0.0,1.0,V1,0.0,1.0,V1,1494.4,253.8,40.0,V0,223.4,0.0,1.0,V1,0.0,1.0,V1,0.0,10.0,V1,0.0,2.0,V1,531.2,0.0,5.0,V1,1595.4,329.0,0.0,1.0,V1,Yes,Yes,Yes
265,2012-08-14,12:00,7,T,Ho,14,-175,-200,-188,Russian corer,530.93,72.1,0.14,8.71,2.55,51.75,20.3,4.64,,11,,,,,,,,,,,,,,,,,3892.0,0.0,2.0,V1,2460.0,0.0,1.0,V1,0.0,1.0,V1,0.0,1.0,V1,1669.2,324.8,40.0,V0,293.2,0.0,1.0,V1,0.0,1.0,V1,0.0,10.0,V1,0.0,2.0,V1,531.8,0.0,5.0,V1,1505.8,225.6,0.0,1.0,V1,Yes,Yes,Yes
266,2012-08-14,12:00,7,T,Ho,15,-200,-250,-225,Russian corer,530.93,93,0.18,6.57,2.51,49.38,19.7,4.79,,15.9,,,,161708,-26.33,-592.6,0.4105,7150,7973,7939,8010,2.41,48.03,20,1.33,-26.54,5762.0,0.0,2.0,V1,3836.0,0.0,1.0,V1,0.0,1.0,V1,0.0,1.0,V1,2584.0,441.6,40.0,V0,499.4,0.0,1.0,V1,0.0,1.0,V1,0.0,10.0,V1,0.0,2.0,V1,658.8,0.0,5.0,V1,1755.2,293.6,0.0,1.0,V1,Yes,Yes,Yes
267,2012-08-14,12:00,7,T,Ho,16,-250,-300,-275,Russian corer,530.93,67.6,0.13,9.54,2.86,54.86,19.2,4.82,,6.3,,,,,,,,,,,,,,,,,2596.0,0.0,2.0,V1,4064.0,0.0,1.0,V1,0.0,1.0,V1,0.0,1.0,V1,2270.0,198.0,40.0,V0,396.4,0.0,1.0,V1,0.0,1.0,V1,0.0,10.0,V1,0.0,2.0,V1,388.8,0.0,5.0,V1,1983.4,382.6,0.0,1.0,V1,Yes,Yes,Yes
268,2012-08-14,12:00,8,T,Hu,1,31,20,26,Hole saw,1504.92,5.8,0,8.2,,,,,,,,,,162214,-28.62,50.8,1.0588,,-57,-55,-59,0.96,45.43,45.4,-4.21,-28.16,,,,,,,,,,,,,,,,,,,,,,,,,,,,,,,,,,,,,,,,,No,Yes,No
269,2012-08-14,12:00,8,T,Hu,2,20,10,15,Hole saw,1368.11,59,0.04,7.38,0.92,49.25,53.7,3.23,3.23,3.3,,,Woody debris,162215,-27.54,69.4,1.0776,,-52,-51,-54,0.85,48.2,56.6,0.41,-27.45,,,,,,,,,,,,,,,,,,,,,,,,,,,,,,,,,,,,,,,,,Yes,Yes,Yes
270,2012-08-14,12:00,8,T,Hu,3,10,0,5,Hole saw,1368.11,56.8,0.04,8.14,1.08,49.06,45.3,3.26,2.36,4.1,,,,162216,-27.46,140.7,1.1494,,-41,-40,-42,1.03,48.13,48.1,0.17,-27.05,,,,,,,,,,,,,,,,,,,,,,,,,,,,,,,,,,,,,,,,,Yes,Yes,Yes
271,2012-08-14,12:00,8,T,Hu,4,0,-10,-5,Russian corer,318.56,23.5,0.07,8.8,,,,,,,,,,,,,,,,,,,,,,,,,,,,,,,,,,,,,,,,,,,,,,,,,,,,,,,,,,,,,,,No,Yes,Yes
272,2012-08-14,12:00,8,T,Hu,2,20,10,15,Hole saw,,,,,0.96,49.08,51.2,,,,,,,,,,,,,,,,,,,,547,0.0,4.0,V1,1822.8,0.0,1.6,V1,0.0,2.0,V1,3.9,3.0,V0,1851.8,1343.8,40.0,V0,519.0,167.3,1.0,V0,0.0,2.0,V1,0.0,40.0,V1,0.0,2.0,V1,713.8,9.4,4.0,V0,974.5,-9999,41.5,1.0,V0,Yes,Yes,Yes
273,2012-08-14,12:00,8,T,Hu,3,10,0,5,Hole saw,,,,,1.14,48.95,43.0,,,,,,,,,,,,,,,,,,,,889,0.0,4.0,V1,1960.7,0.0,1.6,V1,0.0,2.0,V1,4.2,3.0,V0,2244.2,985.1,40.0,V0,487.6,121.0,1.0,V0,0.0,2.0,V1,0.0,40.0,V1,0.0,2.0,V1,825.2,17.7,4.0,V0,1217.2,-9999,33.2,1.0,V0,Yes,Yes,Yes
274,2012-08-14,12:00,8,T,Hu,4,0,-10,-5,Russian corer,,,,,1.82,48.96,26.9,,,,,,,,,,,,,,,,,,,,2378,8.3,4,V0,2999.0,0.0,1.6,V1,3.4,2.0,V0,5.9,3.0,V0,1367.0,244.0,40.0,V0,670.0,19.3,1.0,V0,0.0,2.0,V1,195.0,40.0,V0,3.3,2.0,V0,839.0,10.8,4.0,V0,2102.0,-9999,18.5,1.0,V0,Yes,Yes,Yes
275,2012-08-14,12:00,8,T,Hu,5,-10,-20,-15,Russian corer,318.56,42.6,0.13,6.89,1.89,50.95,27.0,3.89,3.89,5.8,,,,,,,,,,,,,,,,,,,,,,,,,,,,,,,,,,,,,,,,,,,,,,,,,,,,,,,,,Yes,Yes,Yes
276,2012-08-14,12:00,8,T,Hu,6,-20,-30,-25,Russian corer,318.56,57.9,0.18,5.78,1.77,50.95,28.8,3.78,3.78,7.8,,,,,,,,,,,,,,,,,,,,,,,,,,,,,,,,,,,,,,,,,,,,,,,,,,,,,,,,,Yes,Yes,Yes
277,2012-08-14,12:00,8,T,Hu,7,-30,-40,-35,Russian corer,318.56,75.7,0.24,4.39,2.15,53.09,24.6,3.8,3.8,8.8,,,,,,,,,,,,,,,,,,,,,,,,,,,,,,,,,,,,,,,,,,,,,,,,,,,,,,,,,Yes,Yes,Yes
278,2012-08-14,12:00,8,T,Hu,8,-40,-50,-45,Russian corer,318.56,69.7,0.22,4.57,2.4,53.68,22.3,4.02,4.02,9,,,,,,,,,,,,,,,,,,,,,,,,,,,,,,,,,,,,,,,,,,,,,,,,,,,,,,,,,Yes,Yes,Yes
279,2012-08-14,12:00,8,T,Hu,9,-50,-60,-55,Russian corer,318.56,50.8,0.16,6.95,2.05,52.58,25.6,3.93,3.93,8.8,,,,,,,,,,,,,,,,,,,,,,,,,,,,,,,,,,,,,,,,,,,,,,,,,,,,,,,,,Yes,Yes,Yes
280,2012-08-14,12:00,8,T,Hu,10,-60,-70,-65,Russian corer,318.56,59,0.19,6.41,2.3,53.36,23.2,4.03,4.03,9.5,,,,,,,,,,,,,,,,,,,,,,,,,,,,,,,,,,,,,,,,,,,,,,,,,,,,,,,,,Yes,Yes,Yes
281,2012-08-14,12:00,8,T,Hu,11,-70,-80,-75,Russian corer,318.56,62.2,0.2,6.26,2.36,54.83,23.2,4.12,4.12,6.9,,,,,,,,,,,,,,,,,,,,,,,,,,,,,,,,,,,,,,,,,,,,,,,,,,,,,,,,,Yes,Yes,Yes
282,2012-08-14,12:00,8,T,Hu,12,-80,-90,-85,Russian corer,318.56,53.1,0.17,7.37,2.65,54.13,20.4,4.07,4.07,6.1,,,,,,,,,,,,,,,,,,,,,,,,,,,,,,,,,,,,,,,,,,,,,,,,,,,,,,,,,Yes,Yes,Yes
283,2012-08-14,12:00,8,T,Hu,13,-90,-100,-95,Russian corer,318.56,52.4,0.16,6.98,3.03,54.37,18.0,4.17,4.17,6.6,,,,,,,,,,,,,,,,,,,,,,,,,,,,,,,,,,,,,,,,,,,,,,,,,,,,,,,,,Yes,Yes,Yes
284,2012-08-14,12:00,8,T,Hu,14,-100,-125,-113,Russian corer,530.93,90,0.17,7.13,2.55,53.91,21.2,4.21,4.21,7.6,,,,,,,,,,,,,,,,,,,,,,,,,,,,,,,,,,,,,,,,,,,,,,,,,,,,,,,,,Yes,Yes,Yes
285,2012-08-14,12:00,8,T,Hu,15,-125,-150,-138,Russian corer,530.93,99.2,0.19,6.6,2.62,53.2,20.3,4.45,4.45,9.8,,,,,,,,,,,,,,,,,,,,,,,,,,,,,,,,,,,,,,,,,,,,,,,,,,,,,,,,,Yes,Yes,Yes
286,2012-08-14,12:00,8,T,Hu,16,-150,-175,-163,Russian corer,530.93,103.4,0.19,5.97,2.34,50.67,21.6,4.5,4.5,14.1,,,,,,,,,,,,,,,,,,,,,,,,,,,,,,,,,,,,,,,,,,,,,,,,,,,,,,,,,Yes,Yes,Yes
287,2012-08-14,12:00,8,T,Hu,17,-175,-195,-185,Russian corer,424.74,151,0.36,3.56,1.88,37.83,20.2,4.67,4.67,37,,,Mineral matter?,,,,,,,,,,,,,,,,,,,,,,,,,,,,,,,,,,,,,,,,,,,,,,,,,,,,,,Yes,Yes,Yes
288,2012-08-14,12:00,8,T,Hu,18,-195,-200,-198,Russian corer,106.19,61.4,0.58,0.73,0.43,10.64,24.7,5.16,5.16,87,,,Mineral matter?,,,,,,,,,,,,,,,,,,,,,,,,,,,,,,,,,,,,,,,,,,,,,,,,,,,,,,Yes,Yes,No
289,2012-08-14,12:00,8,T,Ho,1,0,-10,-5,Hole saw,1368.11,24.6,0.02,10.57,,,,,,,,,,161764,-28.96,64.2,1.0723,,-54,-52,-56,0.83,46.96,56.9,-2.72,-29.1,626.2,0.0,2.0,V1,2232.0,0.0,1.0,V1,0.0,1.0,V1,0.0,1.0,V1,2448.0,1309.6,40.0,V0,493.6,95.8,1.0,V0,0.0,1.0,V1,0.0,10.0,V1,0.0,2.0,V1,586.6,0.0,5.0,V1,763.4,259.4,13.8,1.0,V0,No,Yes,Yes
290,2012-08-14,12:00,8,T,Ho,2,-10,-20,-15,Hole saw,1368.11,42.5,0.03,8.11,1.15,49.91,43.5,3.68,3.1,4.6,,,,161763,-28.15,142,1.1508,,-41,-40,-42,1.25,49.73,39.7,0.4,-27.38,1163.0,0.0,2.0,V1,2064.0,0.0,1.0,V1,0.0,1.0,V1,0.0,1.0,V1,2300.0,736.0,40.0,V0,444.8,61.8,1.0,V0,0.0,1.0,V1,0.0,10.0,V1,0.0,2.0,V1,705.2,0.0,2.5,V1,1156.4,358.0,0.0,1.0,V1,Yes,Yes,Yes
291,2012-08-14,12:00,8,T,Ho,3,-20,-30,-25,Hole saw,1368.11,41.6,0.03,7.87,1.39,47.9,34.6,3.69,3.09,8.2,,,,161758,-27.35,170.5,1.1794,,-38,-36,-39,0.92,42.85,46.3,-0.98,-28.5,1997.4,0.0,2.0,V1,2092.0,0.0,1.0,V1,0.0,1.0,V1,0.0,1.0,V1,1870.2,436.6,40.0,V0,380.2,17.1,1.0,V0,0.0,1.0,V1,0.0,10.0,V1,0.0,2.0,V1,565.8,230.2,2.5,V0,1651.2,402.2,0.0,1.0,V1,Yes,Yes,Yes
292,2012-08-14,12:00,8,T,Ho,4,-30,-40,-35,Russian corer,318.56,58.1,0.18,5.78,1.64,51.21,31.2,3.89,3.12,8.3,,,,161759,-27.01,-67.5,0.9396,500,526,544,506,1.58,49.1,31.2,2.34,-27.11,3186.0,0.0,2.0,V1,1898.2,0.0,1.0,V1,0.0,1.0,V1,0.0,1.0,V1,1013.0,177.7,40.0,V0,269.6,0.0,1.0,V1,0.0,1.0,V1,0.0,10.0,V1,0.0,2.0,V1,547.2,0.0,5.0,V1,1801.8,880.8,0.0,1.0,V1,Yes,Yes,Yes
293,2012-08-14,12:00,8,T,Ho,5,-40,-50,-45,Russian corer,318.56,75,0.24,4.21,1.7,52.77,31.1,4.04,3.27,10,,,,161760,-26.81,-212.4,0.7936,1855,1789,1721,1864,1.65,50.79,30.8,0.88,-26.92,3386.0,0.0,2.0,V1,1517.0,0.0,1.0,V1,0.0,1.0,V1,0.0,1.0,V1,803.0,198.0,40.0,V0,181.7,0.0,1.0,V1,0.0,1.0,V1,0.0,10.0,V1,0.0,2.0,V1,503.0,0.0,5.0,V1,1627.2,604.6,0.0,1.0,V1,Yes,Yes,Yes
294,2012-08-14,12:00,8,T,Ho,6,-50,-60,-55,Russian corer,318.56,56.2,0.18,5.64,1.49,52.93,35.5,3.86,3.1,9.2,,,,162782,-26.8,-150.1,0.856,1245,,,,1.45,51.8,35.8,2.43,-26.66,2902.0,0.0,2.0,V1,1506.6,0.0,1.0,V1,0.0,1.0,V1,0.0,1.0,V1,837.4,132.0,40.0,V0,180.2,0.0,1.0,V1,0.0,1.0,V1,0.0,10.0,V1,0.0,2.0,V1,383.4,0.0,5.0,V1,1467.2,469.2,0.0,1.0,V1,Yes,Yes,Yes
295,2012-08-14,12:00,8,T,Ho,7,-60,-70,-65,Russian corer,318.56,67.2,0.21,4.82,2.31,53.72,23.3,4.06,3.21,8.8,,,,161761,-26.59,-267.6,0.738,2440,2480,2358,2699,2.19,52.09,23.7,-0.65,-26.69,3248.0,0.0,2.0,V1,1402.6,0.0,1.0,V1,0.0,1.0,V1,0.0,1.0,V1,736.2,132.0,40.0,V0,145.3,0.0,1.0,V1,0.0,1.0,V1,0.0,10.0,V1,0.0,2.0,V1,450.4,0.0,5.0,V1,1555.4,499.4,0.0,1.0,V1,Yes,Yes,Yes
296,2012-08-14,12:00,8,T,Ho,8,-70,-80,-75,Russian corer,318.56,74.1,0.23,5.02,2.44,52.65,21.6,4.13,3.22,10.4,,,,,,,,,,,,,,,,,4280.0,0.0,2.0,V1,1433.8,0.0,1.0,V1,0.0,1.0,V1,0.0,1.0,V1,794.0,172.6,40.0,V0,152.9,0.0,1.0,V1,0.0,1.0,V1,0.0,10.0,V1,0.0,2.0,V1,456.2,0.0,5.0,V1,1589.0,429.8,0.0,1.0,V1,Yes,Yes,Yes
297,2012-08-14,12:00,8,T,Ho,9,-80,-90,-85,Russian corer,318.56,63.1,0.2,6.05,2.4,54.43,22.7,4.15,3.33,7,,,,162369,-26.18,-357.2,0.6477,3490,3766,3693,3837,2.3,51.29,22.3,-0.79,-26.25,3996.0,0.0,2.0,V1,1379.8,0.0,1.0,V1,0.0,1.0,V1,0.0,1.0,V1,724.0,152.3,40.0,V0,137.4,0.0,1.0,V1,0.0,1.0,V1,44.2,10.0,V0,0.0,2.0,V1,384.0,0.0,5.0,V1,1583.4,626.4,0.0,1.0,V1,Yes,Yes,Yes
298,2012-08-14,12:00,8,T,Ho,10,-90,-100,-95,Russian corer,318.56,53.8,0.17,7.09,2.37,54.33,22.9,4.1,3.42,5.6,,,,,,,,,,,,,,,,,2818.0,8.5,2.0,V0,1125.8,0.0,1.0,V1,1.4,1.0,V0,0.0,1.0,V1,579.2,97.1,40.0,V0,135.6,3.9,1.0,V0,6.9,1.0,V0,11.7,10.0,V0,0.0,2.0,V1,438.0,0.0,5.0,V1,1471.0,385.0,14.2,1.0,V0,Yes,Yes,Yes
299,2012-08-14,12:00,8,T,Ho,11,-100,-125,-113,Russian corer,530.93,92.5,0.17,7.1,2.64,53.92,20.4,4.18,3.36,7,,,,161992,-26.18,-405.8,0.5987,4120,4647,4529,4813,2.49,51.19,20.5,0.48,-26.24,2894.0,4.1,2.0,V0,1281.2,0.0,1.0,V1,2.8,1.0,V0,0.0,1.0,V1,622.2,160.5,40.0,V0,155.3,4.9,1.0,V0,1.5,1.0,V0,18.3,10.0,V0,3.4,2.0,V0,564.0,0.0,5.0,V1,1595.4,414.6,20.4,1.0,V0,Yes,Yes,Yes
300,2012-08-14,12:00,8,T,Ho,12,-125,-150,-138,Russian corer,530.93,97.4,0.18,6.5,2.39,50.41,21.1,4.35,3.52,12.1,,,,,,,,,,,,,,,,,3894.0,3.7,2.0,V0,1200.8,0.0,1.0,V1,3.5,1.0,V0,0.0,1.0,V1,741.4,260.2,40.0,V0,204.6,5.8,1.0,V0,0.0,1.0,V1,19.3,10.0,V0,3.7,2.0,V0,645.4,0.0,5.0,V1,1412.6,323.0,25.4,1.0,V0,Yes,Yes,Yes
301,2012-08-14,12:00,8,T,Ho,13,-150,-175,-163,Russian corer,530.93,106.7,0.2,5.9,1.93,39.82,20.6,4.41,3.81,15.1,,,,161765,-26.89,-504,0.4998,5570,6354,6304,6402,2.23,48.58,21.8,1.49,-26.81,4308.0,4.4,2.0,V0,1398.2,0.0,1.0,V1,3.9,1.0,V0,1.8,1.0,V0,992.8,249.4,40.0,V0,235.2,7.5,1.0,V0,0.0,1.0,V1,20.0,10.0,V0,2.9,2.0,V0,665.2,0.0,5.0,V1,1301.8,350.4,23.0,1.0,V0,Yes,Yes,Yes
302,2012-08-14,12:00,8,T,Ho,14,-175,-200,-188,Russian corer,530.93,155.6,0.29,3.56,1.93,39.66,20.6,4.7,4.21,33.7,,,Mineral matter?,161990,-26.27,-350.8,0.6542,3410,3660,3571,3820,1.94,39.2,20.2,2.41,-27.29,10088.0,3.5,2.0,V0,1766.6,0.0,1.0,V1,11.1,1.0,V0,11.9,1.0,V0,1595.6,519.2,40.0,V0,363.6,10.4,1.0,V0,0.0,1.0,V1,26.8,10.0,V0,5.6,2.0,V0,954.4,0.0,5.0,V1,1382.4,370.8,25.0,1.0,V0,Yes,Yes,Yes
303,2012-08-14,12:00,9,T,Hu,1,18,10,14,Hole saw,1094.49,33.3,0.03,2.54,,,,,,,,,,162217,-29.18,36,1.0439,,-61,-60,-62,0.89,47.13,47.1,-5.08,-29.02,,,,,,,,,,,,,,,,,,,,,,,,,,,,,,,,,,,,,,,,,No,Yes,Yes
304,2012-08-14,12:00,9,T,Hu,2,10,0,5,Hole saw,1368.11,35.3,0.03,4.47,,,,,,,,,,162219,-28.63,53.5,1.0616,,-56,-55,-58,0.69,43.38,43.4,-4.3,-27.71,,,,,,,,,,,,,,,,,,,,,,,,,,,,,,,,,,,,,,,,,No,Yes,Yes
305,2012-08-14,12:00,9,T,Hu,1,18,10,14,Hole saw,,,,,0.99,48.80,49.1,,,,,,,,,,,,,,,,,,,,417,0.0,4.0,V1,4128.7,0.0,1.6,V1,0.0,2.0,V1,12.1,3.0,V0,596.4,4098.3,40.0,V0,987.6,316.6,1.0,V0,0.0,2.0,V1,0.0,40.0,V1,0.0,2.0,V1,849.2,0.0,4.0,V1,981.8,-9999,36.0,1.0,V0,Yes,Yes,Yes
306,2012-08-14,12:00,9,T,Hu,2,10,0,5,Hole saw,,,,,0.83,48.70,59.0,,,,,,,,,,,,,,,,,,,,379,0.0,4.0,V1,1403.4,0.0,1.6,V1,0.0,2.0,V1,7.3,3.0,V0,598.0,1522.1,40.0,V0,608.6,105.8,1.0,V0,0.0,2.0,V1,0.0,40.0,V1,0.0,2.0,V1,552.3,0.0,4.0,V1,823.1,-9999,26.8,1.0,V0,Yes,Yes,Yes
307,2012-08-14,12:00,9,T,Hu,3,0,-10,-5,Russian corer,,,,,,,,,,,,No peat at this depth,,,,,,,,,,,,,,,,,,,,,,,,,,,,,,,,,,,,,,,,,,,,,,,,,,,,,,,No,No,No
308,2012-08-14,12:00,9,T,Hu,4,-10,-20,-15,Russian corer,,,,,,,,,,,,No peat at this depth,,,,,,,,,,,,,,,,,,,,,,,,,,,,,,,,,,,,,,,,,,,,,,,,,,,,,,,No,No,No
309,2012-08-14,12:00,9,T,Hu,5,-20,-30,-25,Russian corer,318.56,6,0.02,13.09,,,,,,,,,,162220,-27.06,79.7,1.088,,-51,-50,-52,0.87,44.39,51.2,0.67,-26.39,,,,,,,,,,,,,,,,,,,,,,,,,,,,,,,,,,,,,,,,,No,No,Yes
310,2012-08-14,12:00,9,T,Hu,6,-30,-40,-35,Russian corer,318.56,9.7,0.03,13,,,,,,,,,,,,,,,,,,,,,,,,,,,,,,,,,,,,,,,,,,,,,,,,,,,,,,,,,,,,,,,No,Yes,Yes
311,2012-08-14,12:00,9,T,Hu,7,-40,-50,-45,Russian corer,318.56,15.3,0.05,12.68,,,,,,,,,,,,,,,,,,,,,,,,,,,,,,,,,,,,,,,,,,,,,,,,,,,,,,,,,,,,,,,No,Yes,Yes
312,2012-08-14,12:00,9,T,Hu,8,-50,-60,-55,Russian corer,318.56,46.4,0.15,8.28,1.41,50.06,35.6,3.68,,8.4,,,,,,,,,,,,,,,,,,,,,,,,,,,,,,,,,,,,,,,,,,,,,,,,,,,,,,,,,Yes,Yes,Yes
313,2012-08-14,12:00,9,T,Hu,9,-60,-70,-65,Russian corer,318.56,75.4,0.24,4.63,1.42,51.57,36.4,3.8,,10,,,,,,,,,,,,,,,,,,,,,,,,,,,,,,,,,,,,,,,,,,,,,,,,,,,,,,,,,Yes,Yes,Yes
314,2012-08-14,12:00,9,T,Hu,10,-70,-80,-75,Russian corer,318.56,57.5,0.18,6.08,1.84,54.21,29.5,3.83,,5.4,,,,,,,,,,,,,,,,,,,,,,,,,,,,,,,,,,,,,,,,,,,,,,,,,,,,,,,,,Yes,Yes,Yes
315,2012-08-14,12:00,9,T,Hu,11,-80,-90,-85,Russian corer,318.56,52.2,0.16,7.21,2.31,54.74,23.7,3.92,,4.6,,,,,,,,,,,,,,,,,,,,,,,,,,,,,,,,,,,,,,,,,,,,,,,,,,,,,,,,,Yes,Yes,Yes
316,2012-08-14,12:00,9,T,Hu,12,-90,-100,-95,Russian corer,318.56,45.5,0.14,7.57,2.51,52.8,21.0,4.02,,8.2,,,,,,,,,,,,,,,,,,,,,,,,,,,,,,,,,,,,,,,,,,,,,,,,,,,,,,,,,Yes,Yes,Yes
317,2012-08-14,12:00,9,T,Hu,13,-100,-125,-113,Russian corer,530.93,79.9,0.15,7.85,2.27,54,23.8,4.09,,6.7,,,,,,,,,,,,,,,,,,,,,,,,,,,,,,,,,,,,,,,,,,,,,,,,,,,,,,,,,Yes,Yes,Yes
318,2012-08-14,12:00,9,T,Hu,14,-125,-150,-138,Russian corer,530.93,67.2,0.13,9.66,2.57,54.25,21.1,4.17,,4.8,,,,,,,,,,,,,,,,,,,,,,,,,,,,,,,,,,,,,,,,,,,,,,,,,,,,,,,,,Yes,Yes,Yes
319,2012-08-14,12:00,9,T,Hu,15,-150,-175,-163,Russian corer,530.93,71.8,0.14,8.97,2.64,53.71,20.3,4.41,,8.3,,,,,,,,,,,,,,,,,,,,,,,,,,,,,,,,,,,,,,,,,,,,,,,,,,,,,,,,,Yes,Yes,Yes
320,2012-08-14,12:00,9,T,Hu,16,-175,-200,-188,Russian corer,530.93,72.9,0.14,8.75,2.23,49.97,22.4,4.58,,14.1,,,,,,,,,,,,,,,,,,,,,,,,,,,,,,,,,,,,,,,,,,,,,,,,,,,,,,,,,Yes,Yes,Yes
321,2012-08-14,12:00,9,T,Ho,1,0,-10,-5,Hole saw,1368.11,31.3,0.02,9.5,,,,,,,,,,161767,-28.85,51.9,1.06,,-57,-55,-59,0.98,45.48,46.4,-0.83,-28.77,604.4,21.4,2.0,V0,1509.8,0.0,1.0,V1,0.0,1.0,V1,2.5,1.0,V0,2248.0,1993.2,40.0,V0,475.4,75.3,1.0,V0,0.0,1.0,V1,50.3,10.0,V0,0.0,2.0,V1,633.6,11.2,2.5,V0,755.6,265.2,48.0,1.0,V0,No,Yes,Yes
322,2012-08-14,12:00,9,T,Ho,2,-10,-20,-15,Hole saw,1368.11,53,0.04,9.71,1.04,47.77,46.0,3.73,,4.4,,,,161768,-28.16,83.6,1.0919,,-52,-49,-52,0.79,45.52,58,-0.64,-28.08,841.8,9.7,2.0,V0,1552.6,0.0,1.0,V1,0.0,1.0,V1,1.5,1.0,V0,2478.0,1209.8,40.0,V0,415.4,83.0,1.0,V0,0.0,1.0,V1,33.6,10.0,V0,0.0,2.0,V1,601.4,15.0,2.5,V0,833.8,294.8,30.6,1.0,V0,Yes,Yes,Yes
323,2012-08-14,12:00,9,T,Ho,3,-20,-30,-25,Hole saw,1368.11,57.9,0.04,9.61,1.27,47.19,37.3,3.71,,8.6,,,,161769,-27.48,232.8,1.2422,,-33,-32,-34,1.19,45.44,38.1,-0.75,-27.43,1624.8,4.1,2.0,V0,1838.0,0.0,1.0,V1,1.6,1.0,V0,2.6,1.0,V0,2298.0,918.4,40.0,V0,452.0,61.8,1.0,V0,0.0,1.0,V1,32.7,10.0,V0,0.0,2.0,V1,683.2,22.0,2.5,V0,1349.4,243.0,34.2,1.0,V0,Yes,Yes,Yes
324,2012-08-14,12:00,9,T,Ho,4,-30,-40,-35,Russian corer,318.56,18.4,0.06,11.14,,,,,,,,,,161770,-26.74,95.2,1.1035,,7,7,6,1.3,46.01,35.4,0.84,-26.7,2134.0,11.9,2.0,V0,1596.4,0.0,1.0,V1,1.9,1.0,V0,0.0,1.0,V1,1313.4,253.6,40.0,V0,326.8,24.0,1.0,V0,0.0,1.0,V1,51.2,10.0,V0,2.6,2.0,V0,595.2,15.6,2.5,V0,1732.2,227.4,23.7,1.0,V0,No,Yes,Yes
325,2012-08-14,12:00,9,T,Ho,5,-40,-50,-45,Russian corer,318.56,38.8,0.12,7.15,,,,,,,,,,161771,-26.45,-38.7,0.9687,255,299,0,426,1.28,47.18,36.9,2.31,-26.6,2562.0,16.5,2.0,V0,1489.6,0.0,1.0,V1,2.5,1.0,V0,0.0,1.0,V1,975.8,172.6,40.0,V0,265.2,8.6,1.0,V0,0.0,1.0,V1,44.1,10.0,V0,2.4,2.0,V0,518.8,0.0,5.0,V1,1475.6,528.0,12.9,1.0,V0,No,Yes,Yes
326,2012-08-14,12:00,9,T,Ho,6,-50,-60,-55,Russian corer,318.56,70.5,0.22,5.42,1.38,50.92,36.9,3.75,,9.3,,,,162783,-26.6,-121.7,0.885,980,,,,1.3,48.95,37.7,2.07,-26.61,2620.0,5.4,2.0,V0,1258.0,0.0,1.0,V1,1.7,1.0,V0,0.0,1.0,V1,680.6,98.4,40.0,V0,208.2,8.2,1.0,V0,0.0,1.0,V1,26.7,10.0,V0,2.7,2.0,V0,420.4,0.0,5.0,V1,1273.8,768.2,13.6,1.0,V0,Yes,Yes,Yes
327,2012-08-14,12:00,9,T,Ho,7,-60,-70,-65,Russian corer,318.56,76.1,0.24,4.59,1.49,53.34,35.8,3.84,,7.8,,,,161772,-26.96,-242.5,0.7633,2170,2238,2070,2307,1.4,51.74,37.1,0.11,-27.06,2950.0,3.4,2.0,V0,1005.4,0.0,1.0,V1,3.3,1.0,V0,0.0,1.0,V1,435.0,106.5,40.0,V0,150.8,4.1,1.0,V0,0.0,1.0,V1,19.3,10.0,V0,2.6,2.0,V0,359.6,0.0,5.0,V1,1332.6,571.6,5.6,1.0,V0,Yes,Yes,Yes
328,2012-08-14,12:00,9,T,Ho,8,-70,-80,-75,Russian corer,318.56,56.4,0.18,6.28,2.13,54.55,25.7,3.84,,4.8,,,,,,,,,,,,,,,,,2836.0,3.2,2.0,V0,978.6,0.0,1.0,V1,1.3,1.0,V0,0.0,1.0,V1,391.6,87.7,40.0,V0,125.6,2.9,1.0,V0,0.0,1.0,V1,15.1,10.0,V0,0.0,2.0,V1,351.4,0.0,5.0,V1,1416.6,657.0,7.5,1.0,V0,Yes,Yes,Yes
329,2012-08-14,12:00,9,T,Ho,9,-80,-90,-85,Russian corer,318.56,47.2,0.15,7.59,2.55,54.75,21.5,3.95,,5,,,,161773,-25.96,-303.7,0.7016,2845,2952,2872,3056,2.45,53.12,21.7,-0.53,-26.09,2400.0,4.3,2.0,V0,756.0,0.0,1.0,V1,0.0,1.0,V1,0.0,1.0,V1,339.6,,40.0,V1,88.9,2.0,1.0,V0,0.0,1.0,V1,12.7,10.0,V0,0.0,2.0,V1,386.0,0.0,5.0,V1,1257.4,369.6,8.9,1.0,V0,Yes,Yes,Yes
330,2012-08-14,12:00,9,T,Ho,10,-90,-100,-95,Russian corer,318.56,48.3,0.15,7.08,2.33,53.79,23.1,3.84,,8,,,,,,,,,,,,,,,,,3130.0,5.6,2.0,V0,820.2,0.0,1.0,V1,1.6,1.0,V0,1.7,1.0,V0,449.0,93.1,40.0,V0,98.5,2.6,1.0,V0,0.0,1.0,V1,12.1,10.0,V0,4.1,2.0,V0,398.6,0.0,5.0,V1,1215.6,338.2,9.0,1.0,V0,Yes,Yes,Yes
331,2012-08-14,12:00,9,T,Ho,11,-100,-125,-113,Russian corer,530.93,79.4,0.15,7.69,2.29,53.76,23.5,4.09,,6.9,,,,161774,-26.16,-364.7,0.6401,3585,3889,3731,3982,2.16,50.26,23.2,0.02,-26.27,3112.0,3.3,2.0,V0,1359.0,0.0,1.0,V1,1.1,1.0,V0,0.0,1.0,V1,620.6,136.2,40.0,V0,138.6,3.3,1.0,V0,0.0,1.0,V1,15.9,10.0,V0,2.6,2.0,V0,341.0,0.0,5.0,V1,1182.4,331.2,9.5,1.0,V0,Yes,Yes,Yes
332,2012-08-14,12:00,9,T,Ho,12,-125,-150,-138,Russian corer,530.93,67.8,0.13,9.68,2.52,54.39,21.6,4.23,,4.9,,,,,,,,,,,,,,,,,2092.0,3.5,2.0,V0,1967.2,0.0,1.0,V1,0.0,1.0,V1,0.0,1.0,V1,833.8,105.2,40.0,V0,149.4,4.0,1.0,V0,0.0,1.0,V1,12.7,10.0,V0,0.0,2.0,V1,391.4,0.0,5.0,V1,1183.8,336.0,9.2,1.0,V0,Yes,Yes,Yes
333,2012-08-14,12:00,9,T,Ho,13,-150,-175,-163,Russian corer,530.93,73.3,0.14,9.22,2.79,54.3,19.5,4.47,,6.3,,,,161775,-25.46,-431.7,0.5727,4480,5180,4983,5288,2.67,50.9,19.1,0.32,-25.52,2452.0,2.3,2.0,V0,2380.0,0.0,1.0,V1,1.2,1.0,V0,0.0,1.0,V1,1148.0,143.0,40.0,V0,199.0,4.7,1.0,V0,0.0,1.0,V1,26.0,10.0,V0,2.4,2.0,V0,455.0,0.0,5.0,V1,1374.8,368.2,13.4,1.0,V0,Yes,Yes,Yes
334,2012-08-14,12:00,9,T,Ho,14,-175,-200,-188,Russian corer,530.93,75.5,0.14,8.29,2.28,49.6,21.8,4.69,,13.5,,,,,,,,,,,,,,,,,3386.0,5.3,2.0,V0,2844.0,0.0,1.0,V1,2.6,1.0,V0,1.6,1.0,V0,1420.4,217.2,40.0,V0,285.6,6.9,1.0,V0,1.0,1.0,V0,24.2,10.0,V0,2.7,2.0,V0,499.2,0.0,5.0,V1,1214.4,300.2,12.2,1.0,V0,Yes,Yes,Yes
335,2012-08-14,12:00,9,T,Ho,15,-200,-250,-225,Russian corer,530.93,76.4,0.14,8.53,2.42,51.49,21.3,4.84,,11.2,,,,161776,-26.33,-523.4,0.4802,5895,6711,6662,6778,2.32,48.91,21.1,1.1,-26.29,3218.0,2.4,2.0,V0,3694.0,0.0,1.0,V1,2.2,1.0,V0,1.8,1.0,V0,1785.4,180.7,40.0,V0,365.4,11.1,1.0,V0,0.0,1.0,V1,21.7,10.0,V0,3.6,2.0,V0,591.2,0.0,5.0,V1,1338.6,319.2,13.4,1.0,V0,Yes,Yes,Yes
336,2012-08-14,12:00,9,T,Ho,16,-250,-300,-275,Russian corer,530.93,92.5,0.17,6.83,2.36,46.64,19.8,5.08,,19.3,,,,,,,,,,,,,,,,,5280.0,3.2,2.0,V0,5916.0,0.0,1.0,V1,4.6,1.0,V0,4.1,1.0,V0,3068.0,384.4,40.0,V0,716.8,25.5,1.0,V0,0.0,1.0,V1,30.6,10.0,V0,4.8,2.0,V0,717.8,0.0,5.0,V1,1887.4,351.4,14.3,1.0,V0,Yes,Yes,Yes
337,2012-08-14,12:00,10,T,Hu,1,29,20,25,Hole saw,1231.3,15.7,0.01,9.7,,,,,,,,,,162221,-29.81,34.3,1.0423,,-61,-60,-62,0.66,46.05,69.3,-4.15,-29.76,,,,,,,,,,,,,,,,,,,,,,,,,,,,,,,,,,,,,,,,,No,Yes,Yes
338,2012-08-14,12:00,10,T,Hu,2,20,10,15,Hole saw,1368.11,31.7,0.02,10.68,0.95,48.24,50.9,3.62,,3.7,,,,162222,-28.89,70.2,1.0784,,-52,-51,-54,0.89,44.93,50.4,-1.9,-28.03,,,,,,,,,,,,,,,,,,,,,,,,,,,,,,,,,,,,,,,,,Yes,Yes,Yes
339,2012-08-14,12:00,10,T,Hu,3,10,0,5,Hole saw,1368.11,43.9,0.03,9.19,1.65,51.51,31.2,3.68,,8.1,,,,162223,-27.58,127.6,1.1362,,-43,-41,-44,0.98,42.7,43.7,-1.08,-26.99,,,,,,,,,,,,,,,,,,,,,,,,,,,,,,,,,,,,,,,,,Yes,Yes,Yes
340,2012-08-14,12:00,10,T,Hu,1,29,20,25,Hole saw,,,,,0.83,48.59,58.9,,,,,,,,,,,,,,,,,,,,965,4.8,4,V0,4807.5,0.0,1.6,V1,0.0,2.0,V1,10.4,3.0,V0,2675.1,3524.0,40.0,V0,1307.9,615.6,1.0,V0,0.0,2.0,V1,57.2,40.0,V0,3.8,2.0,V0,1098.7,14.9,4.0,V0,1729.7,-9999,82.6,1.0,V0,Yes,Yes,Yes
341,2012-08-14,12:00,10,T,Hu,2,20,10,15,Hole saw,,,,,0.98,47.01,47.9,,,,,,,,,,,,,,,,,,,,1820,4.4,4,V0,2399.2,0.0,1.6,V1,2.5,2.0,V0,9.6,3.0,V0,2240.2,763.5,40.0,V0,507.8,201.1,1.0,V0,0.0,2.0,V1,0.0,40.0,V1,0.0,2.0,V1,681.4,25.6,4.0,V0,1516.8,-9999,33.6,1.0,V0,Yes,Yes,Yes
342,2012-08-14,12:00,10,T,Hu,3,10,0,5,Hole saw,,,,,1.11,45.80,41.3,,,,,,,,,,,,,,,,,,,,2048,10.3,4,V0,2386.6,0.0,1.6,V1,2.9,2.0,V0,6.6,3.0,V0,2227.6,960.9,40.0,V0,537.4,204.5,1.0,V0,0.0,2.0,V1,49.4,40.0,V0,0.0,2.0,V1,657.2,21.4,4.0,V0,1470.1,-9999,34.8,1.0,V0,Yes,Yes,Yes
343,2012-08-14,12:00,10,T,Hu,4,0,-10,-5,Russian corer,318.56,15.8,0.05,14.28,,,,,,,,,,,,,,,,,,,,,,,,,,,,,,,,,,,,,,,,,,,,,,,,,,,,,,,,,,,,,,,No,Yes,Yes
344,2012-08-14,12:00,10,T,Hu,5,-10,-20,-15,Russian corer,318.56,28.1,0.09,8.82,,,,,,,,,,,,,,,,,,,,,,,,,,,,,,,,,,,,,,,,,,,,,,,,,,,,,,,,,,,,,,,No,Yes,Yes
345,2012-08-14,12:00,10,T,Hu,6,-20,-30,-25,Russian corer,318.56,39.3,0.12,5.5,1.7,51.82,30.4,3.85,,10.3,,,,,,,,,,,,,,,,,,,,,,,,,,,,,,,,,,,,,,,,,,,,,,,,,,,,,,,,,Yes,Yes,Yes
346,2012-08-14,12:00,10,T,Hu,7,-30,-40,-35,Russian corer,318.56,59.6,0.19,4.93,2.08,53.01,25.5,3.93,,9.5,,,,,,,,,,,,,,,,,,,,,,,,,,,,,,,,,,,,,,,,,,,,,,,,,,,,,,,,,Yes,Yes,Yes
347,2012-08-14,12:00,10,T,Hu,8,-40,-50,-45,Russian corer,318.56,55.3,0.17,6.18,2.61,53.69,20.6,3.9,,9.1,,,,,,,,,,,,,,,,,,,,,,,,,,,,,,,,,,,,,,,,,,,,,,,,,,,,,,,,,Yes,Yes,Yes
348,2012-08-14,12:00,10,T,Hu,9,-50,-60,-55,Russian corer,318.56,55.1,0.17,5.96,2.45,52.85,21.6,3.91,,9.8,,,,,,,,,,,,,,,,,,,,,,,,,,,,,,,,,,,,,,,,,,,,,,,,,,,,,,,,,Yes,Yes,Yes
349,2012-08-14,12:00,10,T,Hu,10,-60,-70,-65,Russian corer,318.56,53.7,0.17,7,2.43,55.02,22.6,3.95,,6.6,,,,,,,,,,,,,,,,,,,,,,,,,,,,,,,,,,,,,,,,,,,,,,,,,,,,,,,,,Yes,Yes,Yes
350,2012-08-14,12:00,10,T,Hu,11,-70,-80,-75,Russian corer,318.56,52.8,0.17,7.33,2.21,54.77,24.8,4,,5.4,,,,,,,,,,,,,,,,,,,,,,,,,,,,,,,,,,,,,,,,,,,,,,,,,,,,,,,,,Yes,Yes,Yes
351,2012-08-14,12:00,10,T,Hu,12,-80,-90,-85,Russian corer,318.56,52.1,0.16,7.4,2.4,54.57,22.8,4.03,,6.4,,,,,,,,,,,,,,,,,,,,,,,,,,,,,,,,,,,,,,,,,,,,,,,,,,,,,,,,,Yes,Yes,Yes
352,2012-08-14,12:00,10,T,Hu,13,-90,-100,-95,Russian corer,318.56,51.5,0.16,7.21,2.6,54.61,21.0,4.19,,6.2,,,,,,,,,,,,,,,,,,,,,,,,,,,,,,,,,,,,,,,,,,,,,,,,,,,,,,,,,Yes,Yes,Yes
353,2012-08-14,12:00,10,T,Hu,14,-100,-125,-113,Russian corer,530.93,79.4,0.15,8.14,2.29,53.04,23.1,4.18,,8.5,,,,,,,,,,,,,,,,,,,,,,,,,,,,,,,,,,,,,,,,,,,,,,,,,,,,,,,,,Yes,Yes,Yes
354,2012-08-14,12:00,10,T,Hu,15,-125,-150,-138,Russian corer,530.93,79.1,0.15,7.61,2.49,53.72,21.5,4.27,,7.9,,,,,,,,,,,,,,,,,,,,,,,,,,,,,,,,,,,,,,,,,,,,,,,,,,,,,,,,,Yes,Yes,Yes
355,2012-08-14,12:00,10,T,Hu,16,-150,-175,-163,Russian corer,530.93,68.3,0.13,8.51,2.21,52.25,23.7,4.34,,10.2,,,,,,,,,,,,,,,,,,,,,,,,,,,,,,,,,,,,,,,,,,,,,,,,,,,,,,,,,Yes,Yes,Yes
356,2012-08-14,12:00,10,T,Hu,17,-175,-200,-188,Russian corer,530.93,85.8,0.16,6.61,2.4,47.64,19.8,4.48,,18.8,,,,,,,,,,,,,,,,,,,,,,,,,,,,,,,,,,,,,,,,,,,,,,,,,,,,,,,,,Yes,Yes,Yes
357,2012-08-14,12:00,10,T,Ho,1,0,-10,-5,Hole saw,1368.11,29.3,0.02,12.54,1.08,48.44,44.7,3.72,,2.8,,,,161777,-29.33,49.3,1.0573,,-57,-56,-60,0.88,45.27,51.3,-3.8,-29.21,686.0,13.0,2.0,V0,2084.0,0.0,1.0,V1,0.0,1.0,V1,1.1,1.0,V0,2296.0,1074.8,40.0,V0,456.6,78.9,1.0,V0,0.0,1.0,V1,41.8,10.0,V0,0.0,2.0,V1,562.2,22.8,2.5,V0,701.0,229.0,32.4,1.0,V0,Yes,Yes,Yes
358,2012-08-14,12:00,10,T,Ho,2,-10,-20,-15,Hole saw,1368.11,36.1,0.03,13.58,1.04,46.73,45.1,3.49,,4.6,,,Woody debris,161778,-28.36,99.3,1.1077,,-48,-46,-49,0.86,42.92,50,-1.81,-28.08,797.6,12.0,2.0,V0,1442.2,0.0,1.0,V1,0.0,1.0,V1,0.0,1.0,V1,1553.4,229.2,40.0,V0,318.2,25.0,1.0,V0,0.0,1.0,V1,28.9,10.0,V0,0.0,2.0,V1,385.6,16.8,2.5,V0,594.2,164.4,20.6,1.0,V0,Yes,Yes,Yes
359,2012-08-14,12:00,10,T,Ho,3,-20,-30,-25,Hole saw,1368.11,54.3,0.04,7.94,1.01,48.02,47.4,3.62,,6.5,,,,161780,-26.93,132.3,1.141,,-42,-41,-44,0.94,45.33,48.4,-1.28,-27.08,1580.0,5.0,2.0,V0,1733.6,0.0,1.0,V1,1.5,1.0,V0,0.0,1.0,V1,1495.2,238.8,40.0,V0,327.6,18.1,1.0,V0,0.0,1.0,V1,26.3,10.0,V0,2.4,2.0,V0,403.6,39.9,2.5,V0,1208.0,285.6,25.1,1.0,V0,Yes,Yes,Yes
360,2012-08-14,12:00,10,T,Ho,4,-30,-40,-35,Russian corer,318.56,79.2,0.25,4.19,1.68,52.63,31.3,3.92,,10.2,,,,161781,-26.68,-222.6,0.7834,1960,1910,1987,1834,1.69,51.62,30.5,0.65,-26.8,3272.0,8.7,2.0,V0,1240.0,0.0,1.0,V1,2.3,1.0,V0,0.0,1.0,V1,598.4,90.4,40.0,V0,190.6,7.5,1.0,V0,0.0,1.0,V1,27.8,10.0,V0,2.5,2.0,V0,402.0,0.0,5.0,V1,1390.2,909.2,6.4,1.0,V0,Yes,Yes,Yes
361,2012-08-14,12:00,10,T,Ho,5,-40,-50,-45,Russian corer,318.56,65.4,0.21,5.41,2.47,53.83,21.8,3.99,,7.4,,,,161782,-26.33,-296.5,0.7089,2765,2856,2784,2927,2.34,50.7,21.7,-0.43,-26.34,3428.0,7.2,2.0,V0,930.8,0.0,1.0,V1,2.1,1.0,V0,0.0,1.0,V1,450.4,101.1,40.0,V0,138.4,4.6,1.0,V0,0.0,1.0,V1,18.5,10.0,V0,3.1,2.0,V0,366.2,0.0,5.0,V1,1313.6,710.6,5.5,1.0,V0,Yes,Yes,Yes
362,2012-08-14,12:00,10,T,Ho,6,-50,-60,-55,Russian corer,318.56,58.3,0.18,5.89,2.07,53.36,25.7,3.88,,8,,,,162784,-26.5,-250.4,0.755,2255,,,,2.04,51.61,25.3,-0.36,-26.51,3408.0,13.5,2.0,V0,1168.4,0.0,1.0,V1,2.0,1.0,V0,0.0,1.0,V1,588.0,125.4,40.0,V0,176.5,6.9,1.0,V0,0.0,1.0,V1,33.1,10.0,V0,2.2,2.0,V0,400.2,0.0,5.0,V1,1391.6,933.4,6.3,1.0,V0,Yes,Yes,Yes
363,2012-08-14,12:00,10,T,Ho,7,-60,-70,-65,Russian corer,318.56,54.5,0.17,6.69,2.67,52.45,19.6,3.98,,9.5,,,,161783,-26.06,-328,0.6771,3130,3358,3252,3440,2.63,51.11,19.4,-0.14,-26.18,3878.0,5.1,2.0,V0,812.0,0.0,1.0,V1,2.8,1.0,V0,0.0,1.0,V1,434.6,152.4,40.0,V0,132.6,4.0,1.0,V0,0.0,1.0,V1,24.4,10.0,V0,3.4,2.0,V0,385.0,0.0,5.0,V1,1455.8,469.4,7.3,1.0,V0,Yes,Yes,Yes
364,2012-08-14,12:00,10,T,Ho,8,-70,-80,-75,Russian corer,318.56,55.6,0.17,6.87,2.65,53.33,20.1,4.01,,8.3,,,,,,,,,,,,,,,,,3570.0,8.7,2.0,V0,651.2,0.0,1.0,V1,1.4,1.0,V0,0.0,1.0,V1,384.2,153.7,40.0,V0,119.0,3.0,1.0,V0,0.0,1.0,V1,20.5,10.0,V0,0.0,2.0,V1,321.8,0.0,5.0,V1,1394.2,320.0,7.2,1.0,V0,Yes,Yes,Yes
365,2012-08-14,12:00,10,T,Ho,9,-80,-90,-85,Russian corer,318.56,51.1,0.16,7.57,2.53,55.18,21.8,4.11,,5,,,,161993,-25.93,-379.2,0.6255,3770,4136,4000,4238,2.47,52.28,21.1,-0.34,-25.97,2908.0,9.2,2.0,V0,817.4,0.0,1.0,V1,0.0,1.0,V1,0.0,1.0,V1,370.0,66.1,40.0,V0,97.7,2.4,1.0,V0,0.0,1.0,V1,28.2,10.0,V0,2.7,2.0,V0,307.2,0.0,5.0,V1,1318.8,524.0,8.3,1.0,V0,Yes,Yes,Yes
366,2012-08-14,12:00,10,T,Ho,10,-90,-100,-95,Russian corer,318.56,46.1,0.14,8.19,2.52,54.74,21.7,4.02,,5,,,,,,,,,,,,,,,,,2542.0,4.6,2.0,V0,1124.0,0.0,1.0,V1,1.4,1.0,V0,0.0,1.0,V1,513.2,99.8,40.0,V0,104.1,2.8,1.0,V0,0.0,1.0,V1,20.7,10.0,V0,0.0,2.0,V1,389.6,0.0,5.0,V1,1214.0,379.2,16.4,1.0,V0,Yes,Yes,Yes
367,2012-08-14,12:00,10,T,Ho,11,-100,-125,-113,Russian corer,530.93,80.1,0.15,7.82,2.4,52.97,22.1,4.29,,9,,,,161954,-26.02,-459.8,0.5443,4885,5620,5587,5657,2.29,50.13,21.9,0.53,-26.14,3536.0,5.7,2.0,V0,1693.6,0.0,1.0,V1,3.2,1.0,V0,0.0,1.0,V1,968.4,194.2,40.0,V0,184.8,4.7,1.0,V0,0.0,1.0,V1,22.9,10.0,V0,2.9,2.0,V0,483.6,0.0,5.0,V1,1302.8,391.8,12.2,1.0,V0,Yes,Yes,Yes
368,2012-08-14,12:00,10,T,Ho,12,-125,-150,-138,Russian corer,530.93,80.8,0.15,7.73,2.38,52.4,22.0,4.23,,9.6,,,,,,,,,,,,,,,,,3894.0,15.6,2.0,V0,1482.4,0.0,1.0,V1,4.2,1.0,V0,0.0,1.0,V1,963.6,265.6,40.0,V0,208.0,4.9,1.0,V0,0.0,1.0,V1,30.9,10.0,V0,2.1,2.0,V0,479.0,0.0,5.0,V1,1273.0,378.8,9.7,1.0,V0,Yes,Yes,Yes
369,2012-08-14,12:00,10,T,Ho,13,-150,-175,-163,Russian corer,530.93,71.7,0.13,8.77,2.37,50.17,21.2,4.44,,13.6,,,,162244,-29.27,-521.6,0.4784,5925,6745,6671,6796,2.397,50.38,21,1.736,-26.377,4390.0,4.1,2.0,V0,2006.0,0.0,1.0,V1,3.8,1.0,V0,1.2,1.0,V0,1443.8,221.2,40.0,V0,252.4,8.2,1.0,V0,0.0,1.0,V1,32.5,10.0,V0,3.9,2.0,V0,544.2,0.0,5.0,V1,1512.2,441.6,11.3,1.0,V0,Yes,Yes,Yes
370,2012-08-14,12:00,10,T,Ho,14,-175,-200,-188,Russian corer,530.93,85.4,0.16,6.69,2.44,51.16,21.0,4.61,,11.9,,,,,,,,,,,,,,,,,4816.0,16.2,2.0,V0,2532.0,0.0,1.0,V1,4.0,1.0,V0,0.0,1.0,V1,1749.2,241.4,40.0,V0,313.4,12.0,1.0,V0,0.0,1.0,V1,33.9,10.0,V0,4.1,2.0,V0,507.6,0.0,5.0,V1,1798.0,387.2,11.2,1.0,V0,Yes,Yes,Yes
371,2012-08-14,12:00,10,T,Ho,15,-200,-225,-213,Russian corer,265.46,115.5,0.43,5.06,2.41,48.83,20.2,4.7,,17.5,,,,163962,-26.59,-645,0.3577,8260,9246,9128,9400,1.966,40.136,20.4,1.611,-26.588,6014.0,7.3,2.0,V0,3228.0,0.0,1.0,V1,5.3,1.0,V0,2.2,1.0,V0,2488.0,252.2,40.0,V0,456.6,19.1,1.0,V0,0.0,1.0,V1,31.5,10.0,V0,5.4,2.0,V0,652.0,0.0,5.0,V1,2222.0,497.6,10.6,1.0,V0,Yes,Yes,Yes
372,2012-08-14,12:00,10,T,Ho,16,-225,-255,-240,Russian corer,318.56,67,0.21,5.7,2.24,44.92,20.0,4.69,,23,,Mineral soil,Mineral soil,161875,-26.35,-627.8,0.3751,7875,8648,8594,8755,2.181,44.189,20.3,1.206,-26.327,7352.0,7.3,2.0,V0,2970.0,0.0,1.0,V1,11.2,1.0,V0,3.9,1.0,V0,3384.0,520.6,40.0,V0,813.8,28.1,1.0,V0,0.0,1.0,V1,43.3,10.0,V0,8.1,2.0,V0,643.0,0.0,5.0,V1,2460.0,363.8,15.9,1.0,V0,Yes,Yes,Yes
373,2012-08-14,12:00,10,T,Ho,17,-255,-275,-265,Russian corer,212.37,,,,,,,,,,,Mineral soil,Mineral soil,162507,-23.04,-709.4,0.2928,9865,11253,11214,11318,1.67,26.44,15.85,0.12,-22.23,18798.0,7.1,2.0,V0,2412.0,3.1,1.0,V1,40.6,1.0,V0,10.0,1.0,V0,18704.0,1731.6,40.0,V0,4272.0,120.4,1.0,V0,0.0,1.0,V1,89.9,10.0,V0,28.7,2.0,V0,501.0,0.0,5.0,V1,8468.0,968.0,48.1,1.0,V0,No,No,Yes
374,2012-08-14,12:00,11,T,Hu,1,18,10,14,Hole saw,1094.49,19.8,0.02,5.41,,,,,,,,,,162540,-28.84,38.5,1.0464,,-60,-58,-62,0.75,46.02,61.2,-3.91,-28.79,,,,,,,,,,,,,,,,,,,,,,,,,,,,,,,,,,,,,,,,,No,Yes,Yes
375,2012-08-14,12:00,11,T,Hu,2,10,0,5,Hole saw,1368.11,21.4,0.02,7.64,,,,,,,,,,162508,-28.65,53.5,1.0616,,-57,-54,-59,0.71,46.92,65.9,-3.61,-28.51,,,,,,,,,,,,,,,,,,,,,,,,,,,,,,,,,,,,,,,,,No,Yes,Yes
376,2012-08-14,12:00,11,T,Hu,1,18,10,14,Hole saw,,,,,0.86,47.63,55.7,,,,,,,,,,,,,,,,,,,,465,9.6,4,V0,3529.3,0.0,1.6,V1,0.0,2.0,V1,13.9,3.0,V0,1329.8,1820.1,40.0,V0,771.3,463.2,1.0,V0,0.0,2.0,V1,79.5,40.0,V0,2.1,2.0,V0,560.2,0.0,4.0,V1,661.9,-9999,51.1,1.0,V0,Yes,Yes,Yes
377,2012-08-14,12:00,11,T,Hu,2,10,0,5,Hole saw,,,,,0.82,48.47,59.0,,,,,,,,,,,,,,,,,,,,471,6.9,4,V0,2938.9,0.0,1.6,V1,0.0,2.0,V1,28.3,3.0,V0,1526.8,1619.6,40.0,V0,709.7,265.9,1.0,V0,0.0,2.0,V1,53.3,40.0,V0,0.0,2.0,V1,580.4,0.0,4.0,V1,702.5,-9999,61.7,1.0,V0,Yes,Yes,Yes
378,2012-08-14,12:00,11,T,Hu,3,0,-10,-5,Russian corer,106.19,,,,,,,,,,,,,,,,,,,,,,,,,,,,,,,,,,,,,,,,,,,,,,,,,,,,,,,,,,,,,,,,,,No,No,Yes
379,2012-08-14,12:00,11,T,Hu,4,-10,-20,-15,Russian corer,106.19,,,,,,,,,,,,,,,,,,,,,,,,,,,,,,,,,,,,,,,,,,,,,,,,,,,,,,,,,,,,,,,,,,No,No,Yes
380,2012-08-14,12:00,11,T,Hu,5,-20,-30,-25,Russian corer,318.56,12.5,0.04,12.07,,,,,,,,,,,,,,,,,,,,,,,,,,,,,,,,,,,,,,,,,,,,,,,,,,,,,,,,,,,,,,,No,Yes,Yes
381,2012-08-14,12:00,11,T,Hu,6,-30,-40,-35,Russian corer,318.56,23.2,0.07,9.49,,,,,,,,,,,,,,,,,,,,,,,,,,,,,,,,,,,,,,,,,,,,,,,,,,,,,,,,,,,,,,,No,Yes,Yes
382,2012-08-14,12:00,11,T,Hu,7,-40,-50,-45,Russian corer,318.56,36.7,0.12,7.59,,,,,,,,,,,,,,,,,,,,,,,,,,,,,,,,,,,,,,,,,,,,,,,,,,,,,,,,,,,,,,,No,Yes,Yes
383,2012-08-14,12:00,11,T,Hu,8,-50,-60,-55,Russian corer,318.56,70.5,0.22,5.14,1.77,52.84,29.8,3.63,,9.7,,,,,,,,,,,,,,,,,,,,,,,,,,,,,,,,,,,,,,,,,,,,,,,,,,,,,,,,,Yes,Yes,Yes
384,2012-08-14,12:00,11,T,Hu,9,-60,-70,-65,Russian corer,318.56,72.7,0.23,4.71,1.96,53.42,27.2,3.88,,7.9,,,,,,,,,,,,,,,,,,,,,,,,,,,,,,,,,,,,,,,,,,,,,,,,,,,,,,,,,Yes,Yes,Yes
385,2012-08-14,12:00,11,T,Hu,10,-70,-80,-75,Russian corer,318.56,71.1,0.22,5.23,2.43,52.77,21.7,3.94,,9.9,,,,,,,,,,,,,,,,,,,,,,,,,,,,,,,,,,,,,,,,,,,,,,,,,,,,,,,,,Yes,Yes,Yes
386,2012-08-14,12:00,11,T,Hu,11,-80,-90,-85,Russian corer,318.56,59.2,0.19,6.51,2.64,53.36,20.2,3.99,,9.2,,,,,,,,,,,,,,,,,,,,,,,,,,,,,,,,,,,,,,,,,,,,,,,,,,,,,,,,,Yes,Yes,Yes
387,2012-08-14,12:00,11,T,Hu,12,-90,-100,-95,Russian corer,318.56,46.3,0.15,7.32,2.57,54.1,21.1,3.96,,6.8,,,,,,,,,,,,,,,,,,,,,,,,,,,,,,,,,,,,,,,,,,,,,,,,,,,,,,,,,Yes,Yes,Yes
388,2012-08-14,12:00,11,T,Hu,13,-100,-125,-113,Russian corer,530.93,70.7,0.13,8.89,2.66,54.07,20.3,4.07,,5.8,,,,,,,,,,,,,,,,,,,,,,,,,,,,,,,,,,,,,,,,,,,,,,,,,,,,,,,,,Yes,Yes,Yes
389,2012-08-14,12:00,11,T,Hu,14,-125,-150,-138,Russian corer,530.93,82.2,0.15,8.08,2.64,52.95,20.0,4.22,,9.4,,,,,,,,,,,,,,,,,,,,,,,,,,,,,,,,,,,,,,,,,,,,,,,,,,,,,,,,,Yes,Yes,Yes
390,2012-08-14,12:00,11,T,Hu,15,-150,-175,-163,Russian corer,530.93,82.2,0.15,8.15,2.65,54.13,20.4,4.31,,8,,,,,,,,,,,,,,,,,,,,,,,,,,,,,,,,,,,,,,,,,,,,,,,,,,,,,,,,,Yes,Yes,Yes
391,2012-08-14,12:00,11,T,Hu,16,-175,-200,-188,Russian corer,530.93,78.2,0.15,8.12,2.57,52.31,20.4,4.39,,10.2,,,,,,,,,,,,,,,,,,,,,,,,,,,,,,,,,,,,,,,,,,,,,,,,,,,,,,,,,Yes,Yes,Yes
392,2012-08-14,12:00,11,T,Ho,1,0,-10,-5,Hole saw,1368.11,12,0.01,10.63,,,,,,,,,,161876,-28.87,13.5,1.0212,,-62,-62,-62,0.842,45.941,54.6,-3.406,-28.804,684.2,30.2,2.0,V0,2044.0,0.0,1.0,V1,0.0,1.0,V1,3.2,1.0,V0,1289.8,3040.0,40.0,V0,598.8,94.5,1.0,V0,11.3,1.0,V0,68.7,10.0,V0,2.7,2.0,V0,533.8,0.0,5.0,V1,713.2,711.6,57.0,1.0,V0,No,Yes,Yes
393,2012-08-14,12:00,11,T,Ho,2,-10,-20,-15,Hole saw,1368.11,36.7,0.03,8.82,0.89,48.92,55.2,3.84,,2.1,,,,161877,-28.61,50.7,1.0587,,-57,-54,-60,0.717,46.678,65.1,-2.719,-28.632,508.6,20.2,2.0,V0,1890.4,0.0,1.0,V1,0.0,1.0,V1,2.9,1.0,V0,1564.6,1369.4,40.0,V0,470.2,142.2,1.0,V0,4.0,1.0,V0,23.2,10.0,V0,2.9,2.0,V0,541.0,11.1,2.5,V0,662.0,685.8,35.7,1.0,V0,Yes,Yes,Yes
394,2012-08-14,12:00,11,T,Ho,3,-20,-30,-25,Hole saw,1368.11,55.5,0.04,9.33,0.88,48.64,55.4,3.59,,3.6,,,,161878,-27.86,134.6,1.1432,,-42,-41,-44,0.868,47.793,55.1,-1.54,-27.862,782.6,21.0,2.0,V0,1955.8,0.0,1.0,V1,3.3,1.0,V0,2.2,1.0,V0,1751.8,738.8,40.0,V0,441.0,91.6,1.0,V0,0.0,1.0,V1,34.7,10.0,V0,3.7,2.0,V0,442.4,0.0,5.0,V1,934.0,974.8,35.7,1.0,V0,Yes,Yes,Yes
395,2012-08-14,12:00,11,T,Ho,4,-30,-40,-35,Russian corer,212.37,9.9,0.05,19,,,,,,,,,,161879,-27.42,200.7,1.2098,,-34,-34,-36,1.174,44.283,37.7,-0.997,-27.282,816.8,26.5,2.0,V0,2120.0,0.0,1.0,V1,0.0,1.0,V1,0.0,1.0,V1,1916.6,732.8,40.0,V0,472.4,100.4,1.0,V0,1.3,1.0,V0,11.9,10.0,V0,0.0,2.0,V1,486.4,0.0,5.0,V1,1035.4,868.4,37.1,1.0,V0,No,Yes,Yes
396,2012-08-14,12:00,11,T,Ho,5,-40,-50,-45,Russian corer,318.56,43.9,0.14,6.75,1.32,47.85,36.3,3.82,,13.5,,,,161880,-26.79,-14.5,0.9931,55,12,12,11,1.293,47.408,36.7,2.872,-26.743,3200.0,20.8,2.0,V0,1652.4,0.0,1.0,V1,3.1,1.0,V0,0.0,1.0,V1,1199.6,474.4,40.0,V0,349.6,29.4,1.0,V0,2.0,1.0,V0,54.0,10.0,V0,0.0,2.0,V1,488.8,0.0,5.0,V1,1473.6,5824.0,16.2,1.0,V0,Yes,Yes,Yes
397,2012-08-14,12:00,11,T,Ho,6,-50,-60,-55,Russian corer,318.56,86,0.27,4.03,1.38,51.28,37.2,3.89,,12.1,,,,162785,-26.9,-172.5,0.834,1460,,,,1.35,50.47,37.5,2.99,-26.68,3708.0,11.5,2.0,V0,1575.4,0.0,1.0,V1,4.2,1.0,V0,0.0,1.0,V1,864.8,270.2,40.0,V0,284.6,11.8,1.0,V0,1.3,1.0,V0,23.6,10.0,V0,3.9,2.0,V0,420.0,0.0,5.0,V1,1428.4,5824.0,7.4,1.0,V0,Yes,Yes,Yes
398,2012-08-14,12:00,11,T,Ho,7,-60,-70,-65,Russian corer,318.56,75.7,0.24,4.57,1.89,53.12,28.0,3.86,,8.7,,,,161881,-26.51,-261.7,0.744,2375,2391,2343,2482,1.842,54.306,29.5,0.259,-26.515,3940.0,10.5,2.0,V0,1605.6,0.0,1.0,V1,4.2,1.0,V0,0.0,1.0,V1,726.6,264.2,40.0,V0,260.8,8.4,1.0,V0,0.0,1.0,V1,11.3,10.0,V0,2.9,2.0,V0,378.6,0.0,5.0,V1,1535.6,4144.0,5.3,1.0,V0,Yes,Yes,Yes
399,2012-08-14,12:00,11,T,Ho,8,-70,-80,-75,Russian corer,318.56,65,0.2,5.76,2.37,54,22.7,3.89,,7.4,,,,,,,,,,,,,,,,,4192.0,9.4,2.0,V0,1400.6,0.0,1.0,V1,3.6,1.0,V0,0.0,1.0,V1,616.4,246.2,40.0,V0,216.0,6.6,1.0,V0,0.0,1.0,V1,0.0,10.0,V1,0.0,2.0,V1,375.6,0.0,5.0,V1,1556.8,2952.0,5.5,1.0,V0,Yes,Yes,Yes
400,2012-08-14,12:00,11,T,Ho,9,-80,-90,-85,Russian corer,318.56,63.5,0.2,5.88,2.61,52.46,20.1,3.97,,10.4,,,,161882,-26.32,-338.9,0.6662,3265,3495,3413,3564,2.52,50.676,20.1,0.247,-26.038,4208.0,8.4,2.0,V0,1052.2,0.0,1.0,V1,5.4,1.0,V0,0.0,1.0,V1,500.8,120.1,40.0,V0,155.6,4.6,1.0,V0,1.3,1.0,V0,43.9,10.0,V0,2.7,2.0,V0,377.4,0.0,5.0,V1,1535.2,1404.0,7.0,1.0,V0,Yes,Yes,Yes
401,2012-08-14,12:00,11,T,Ho,10,-90,-100,-95,Russian corer,318.56,52.5,0.16,6.7,2.17,54.88,25.3,3.89,,6.4,,,,,,,,,,,,,,,,,3542.0,40.3,2.0,V0,1124.2,0.0,1.0,V1,2.3,1.0,V0,0.0,1.0,V1,491.4,102.1,40.0,V0,137.9,4.4,1.0,V0,1.3,1.0,V0,47.6,10.0,V0,0.0,2.0,V1,238.0,0.0,5.0,V1,1270.8,2018.0,7.3,1.0,V0,Yes,Yes,Yes
402,2012-08-14,12:00,11,T,Ho,11,-100,-125,-113,Russian corer,530.93,79.2,0.15,8.21,2.49,54.12,21.8,4.05,,5.8,,,,161955,-25.73,-368.9,0.6359,3635,3945,3872,4073,2.407,52.836,22,0.125,-25.756,2822.0,10.5,2.0,V0,1401.4,0.0,1.0,V1,1.6,1.0,V0,0.0,1.0,V1,672.2,132.1,40.0,V0,167.2,5.4,1.0,V0,2.0,1.0,V0,13.8,10.0,V0,0.0,2.0,V1,361.0,0.0,5.0,V1,1432.8,1719.6,8.7,1.0,V0,Yes,Yes,Yes
403,2012-08-14,12:00,11,T,Ho,12,-125,-150,-138,Russian corer,530.93,80.3,0.15,8.05,2.81,53.11,18.9,4.29,,8.5,,,,,,,,,,,,,,,,,2968.0,8.4,2.0,V0,1370.4,0.0,1.0,V1,5.0,1.0,V0,0.0,1.0,V1,759.6,66.1,40.0,V0,157.8,6.0,1.0,V0,0.0,1.0,V1,14.2,10.0,V0,2.9,2.0,V0,385.8,0.0,5.0,V1,1424.0,1107.6,12.2,1.0,V0,Yes,Yes,Yes
404,2012-08-14,12:00,11,T,Ho,13,-150,-175,-163,Russian corer,530.93,81.4,0.15,8.24,2.5,53.26,21.3,4.33,,8.4,,,,161883,-26.1,-460,0.5442,4890,5623,5587,5660,2.442,51.944,21.3,0.538,-25.856,3160.0,3.8,2.0,V0,1811.2,0.0,1.0,V1,1.6,1.0,V0,0.0,1.0,V1,1068.4,144.1,40.0,V0,208.8,8.4,1.0,V0,2.7,1.0,V0,0.0,10.0,V1,0.0,2.0,V1,437.6,0.0,5.0,V1,1216.2,1179.2,9.5,1.0,V0,Yes,Yes,Yes
405,2012-08-14,12:00,11,T,Ho,14,-175,-200,-188,Russian corer,530.93,75.4,0.14,8.1,2.55,52.06,20.4,4.49,,10.6,,,,,,,,,,,,,,,,,3910.0,6.3,2.0,V0,2666.0,0.0,1.0,V1,2.9,1.0,V0,0.0,1.0,V1,1594.2,270.2,40.0,V0,334.4,12.1,1.0,V0,0.0,1.0,V1,0.0,10.0,V1,0.0,2.0,V1,572.2,0.0,5.0,V1,1499.8,652.2,11.6,1.0,V0,Yes,Yes,Yes
406,2012-08-14,12:00,11,T,Ho,15,-200,-250,-225,Russian corer,530.93,93.2,0.18,6.85,2.21,47.21,21.3,4.65,,20.1,,,Mineral matter?,161884,-26.73,-551.6,0.4519,6380,7307,7261,7415,2.115,46.732,22.1,1.656,-26.638,6280.0,5.0,2.0,V0,3076.0,0.0,1.0,V1,7.0,1.0,V0,0.0,1.0,V1,2016.0,294.2,40.0,V0,478.4,18.5,1.0,V0,0.0,1.0,V1,0.0,10.0,V1,3.9,2.0,V0,633.0,0.0,5.0,V1,1842.2,1090.0,11.5,1.0,V0,Yes,Yes,Yes
407,2012-08-14,12:00,13,T,Hu,1,25,20,23,Hole saw,684.06,17.4,0.03,10.42,,,,,,,,,,162509,-28.8,41.4,1.0494,,-60,-57,-62,0.83,46.12,55.4,-2.56,-28.8,,,,,,,,,,,,,,,,,,,,,,,,,,,,,,,,,,,,,,,,,No,Yes,Yes
408,2012-08-14,12:00,13,T,Hu,2,20,10,15,Hole saw,1368.11,29.3,0.02,11.58,,,,,,,,,Woody debris,162541,-28.26,69.6,1.0778,,-53,-51,-54,1.15,46.81,40.7,-1.36,-28.27,,,,,,,,,,,,,,,,,,,,,,,,,,,,,,,,,,,,,,,,,No,Yes,Yes
409,2012-08-14,12:00,13,T,Hu,3,10,0,5,Hole saw,1368.11,60.2,0.04,8.8,1.11,48.64,44.0,3.7,,6.7,,,Woody debris,162542,-27.81,99.3,1.1077,,-48,-46,-49,1.06,47.43,44.8,-1.17,-27.79,,,,,,,,,,,,,,,,,,,,,,,,,,,,,,,,,,,,,,,,,Yes,Yes,Yes
410,2012-08-14,12:00,13,T,Hu,4,0,-10,-5,Russian corer,318.56,59.3,0.19,4.95,1.47,49.84,33.8,3.72,,11.5,,,,,,,,,,,,,,,,,,,,,,,,,,,,,,,,,,,,,,,,,,,,,,,,,,,,,,,,,Yes,Yes,Yes
411,2012-08-14,12:00,13,T,Hu,1,25,20,23,Hole saw,,,,,0.94,48.29,51.4,,,,,,,,,,,,,,,,,,,,666,7.8,4,V0,3100.0,0.0,1.6,V1,0.0,2.0,V1,6.2,3.0,V0,884.4,3402.0,40.0,V0,740.0,185.8,1.0,V0,0.0,2.0,V1,113.2,40.0,V0,0.0,2.0,V1,593.5,0.0,4.0,V1,883.8,-9999,50.2,1.0,V0,Yes,Yes,Yes
412,2012-08-14,12:00,13,T,Hu,2,20,10,15,Hole saw,,,,,1.14,47.11,41.3,,,,,,,,,,,,,,,,,,,,961,5.4,4,V0,2579.8,0.0,1.6,V1,0.0,2.0,V1,4.9,3.0,V0,3218.4,1739.3,40.0,V0,624.1,106.8,1.0,V0,0.0,2.0,V1,65.3,40.0,V0,0.0,2.0,V1,719.2,5.8,4.0,V0,1157.8,-9999,42.0,1.0,V0,Yes,Yes,Yes
413,2012-08-14,12:00,13,T,Hu,3,10,0,5,Hole saw,,,,,1.09,48.26,44.3,,,,,,,,,,,,,,,,,,,,1497,6.2,4,V0,2554.9,0.0,1.6,V1,0.0,2.0,V1,5.5,3.0,V0,2418.3,1239.1,40.0,V0,511.8,137.9,1.0,V0,0.0,2.0,V1,0.0,40.0,V1,0.0,2.0,V1,647.4,12.8,4.0,V0,1300.8,-9999,34.7,1.0,V0,Yes,Yes,Yes
414,2012-08-14,12:00,13,T,Hu,4,0,-10,-5,Russian corer,,,,,1.49,49.75,33.5,,,,,,,,,,,,,,,,,,,,3430,8.0,4,V0,2559.0,0.0,1.6,V1,3.9,2.0,V0,9.5,3.0,V0,1075.7,290.2,40.0,V0,532.9,17.1,1.0,V0,0.0,2.0,V1,181.1,40.0,V0,3.1,2.0,V0,569.2,0.0,4.0,V1,1833.0,-9999,12.9,1.0,V0,Yes,Yes,Yes
415,2012-08-14,12:00,13,T,Hu,5,-10,-20,-15,Russian corer,318.56,72.8,0.23,4.17,1.57,52.15,33.3,3.91,,10.5,,,,,,,,,,,,,,,,,,,,,,,,,,,,,,,,,,,,,,,,,,,,,,,,,,,,,,,,,Yes,Yes,Yes
416,2012-08-14,12:00,13,T,Hu,6,-20,-30,-25,Russian corer,318.56,66.6,0.21,4.65,2.19,54.26,24.7,3.91,,7.8,,,,,,,,,,,,,,,,,,,,,,,,,,,,,,,,,,,,,,,,,,,,,,,,,,,,,,,,,Yes,Yes,Yes
417,2012-08-14,12:00,13,T,Hu,7,-30,-40,-35,Russian corer,318.56,62.9,0.2,5.53,2.74,53.56,19.5,4.02,,7.9,,,,,,,,,,,,,,,,,,,,,,,,,,,,,,,,,,,,,,,,,,,,,,,,,,,,,,,,,Yes,Yes,Yes
418,2012-08-14,12:00,13,T,Hu,8,-40,-50,-45,Russian corer,318.56,58.9,0.19,6.2,2.76,52.82,19.1,4.26,,9,,,,,,,,,,,,,,,,,,,,,,,,,,,,,,,,,,,,,,,,,,,,,,,,,,,,,,,,,Yes,Yes,Yes
419,2012-08-14,12:00,13,T,Hu,9,-50,-60,-55,Russian corer,318.56,47.6,0.15,7.88,2.57,53.28,20.7,3.63,,8,,,,,,,,,,,,,,,,,,,,,,,,,,,,,,,,,,,,,,,,,,,,,,,,,,,,,,,,,Yes,Yes,Yes
420,2012-08-14,12:00,13,T,Hu,10,-60,-70,-65,Russian corer,318.56,45,0.14,7.93,2.34,55,23.5,4.01,,5.2,,,,,,,,,,,,,,,,,,,,,,,,,,,,,,,,,,,,,,,,,,,,,,,,,,,,,,,,,Yes,Yes,Yes
421,2012-08-14,12:00,13,T,Hu,11,-70,-80,-75,Russian corer,318.56,43.3,0.14,8.71,2.5,54.61,21.9,3.99,,4.9,,,,,,,,,,,,,,,,,,,,,,,,,,,,,,,,,,,,,,,,,,,,,,,,,,,,,,,,,Yes,Yes,Yes
422,2012-08-14,12:00,13,T,Hu,12,-80,-90,-85,Russian corer,318.56,47.8,0.15,7.93,2.48,54.53,22.0,4.07,,5.9,,,,,,,,,,,,,,,,,,,,,,,,,,,,,,,,,,,,,,,,,,,,,,,,,,,,,,,,,Yes,Yes,Yes
423,2012-08-14,12:00,13,T,Hu,13,-90,-100,-95,Russian corer,318.56,46.6,0.15,7.74,2.76,54.49,19.7,4.17,,6.8,,,,,,,,,,,,,,,,,,,,,,,,,,,,,,,,,,,,,,,,,,,,,,,,,,,,,,,,,Yes,Yes,Yes
424,2012-08-14,12:00,13,T,Hu,14,-100,-125,-113,Russian corer,530.93,75.7,0.14,8.21,2.31,48.8,21.1,4.26,,16.4,,,,,,,,,,,,,,,,,,,,,,,,,,,,,,,,,,,,,,,,,,,,,,,,,,,,,,,,,Yes,Yes,Yes
425,2012-08-14,12:00,13,T,Hu,15,-125,-150,-138,Russian corer,530.93,75.8,0.14,8.2,2.54,53.89,21.2,4.32,,8.5,,,,,,,,,,,,,,,,,,,,,,,,,,,,,,,,,,,,,,,,,,,,,,,,,,,,,,,,,Yes,Yes,Yes
426,2012-08-14,12:00,13,T,Hu,16,-150,-175,-163,Russian corer,530.93,67.9,0.13,8.85,2.33,52.44,22.5,4.34,,6.7,,,,,,,,,,,,,,,,,,,,,,,,,,,,,,,,,,,,,,,,,,,,,,,,,,,,,,,,,Yes,Yes,Yes
427,2012-08-14,12:00,13,T,Hu,17,-175,-200,-188,Russian corer,530.93,80.3,0.15,7.13,2.33,48.41,20.8,4.59,,18.1,,,,,,,,,,,,,,,,,,,,,,,,,,,,,,,,,,,,,,,,,,,,,,,,,,,,,,,,,Yes,Yes,Yes
428,2012-08-14,12:00,13,T,Ho,1,0,-10,-5,Hole saw,1368.11,48.2,0.04,13.94,1.14,48.17,42.2,3.66,,4.3,,,,161956,-28.73,100.1,1.1086,,-47,-45,-49,1.087,45.32,41.7,-2.04,-28.801,995.4,19.5,2.0,V0,1987.6,0.0,1.0,V1,1.8,1.0,V0,0.0,1.0,V1,1963.4,967.0,40.0,V0,459.4,33.3,1.0,V0,0.0,1.0,V1,15.6,10.0,V0,0.0,2.0,V1,653.6,11.1,2.5,V0,1201.0,1209.8,28.9,1.0,V0,Yes,Yes,Yes
429,2012-08-14,12:00,13,T,Ho,2,-10,-20,-15,Hole saw,1368.11,51.6,0.04,12.4,1.17,46.85,40.1,3.65,,8.7,,,,162207,-27.41,236.9,1.2369,,-33,-32,-35,1.123,45.227,40.3,-0.752,-27.358,1757.0,14.7,2.0,V0,2034.0,0.0,1.0,V1,2.0,1.0,V0,0.0,1.0,V1,1852.2,684.6,40.0,V0,413.2,17.9,1.0,V0,1.3,1.0,V0,21.5,10.0,V0,0.0,2.0,V1,492.4,18.2,2.5,V0,1673.4,1333.8,21.8,1.0,V0,Yes,Yes,Yes
430,2012-08-14,12:00,13,T,Ho,3,-20,-30,-25,Hole saw,1368.11,87.2,0.06,7.58,1.35,48.89,36.2,3.7,,8,,,,161885,-26.54,25.9,1.0338,,2,3,0,1.25,47.625,38.1,0.725,-26.386,2208.0,12.2,2.0,V0,1932.0,0.0,1.0,V1,2.8,1.0,V0,0.0,1.0,V1,1242.4,336.4,40.0,V0,340.8,15.1,1.0,V0,0.0,1.0,V1,29.6,10.0,V0,0.0,2.0,V1,472.4,0.0,2.5,V1,2000.0,2312.0,14.2,1.0,V0,Yes,Yes,Yes
431,2012-08-14,12:00,13,T,Ho,4,-30,-40,-35,Russian corer,318.56,62,0.19,5.59,2.4,54.22,22.6,3.94,,7.2,,,,161886,-26.17,-280.2,0.7253,2580,2738,2621,2758,2.36,52.69,22.3,-0.471,-26.049,3348.0,16.6,2.0,V0,1040.8,0.0,1.0,V1,2.4,1.0,V0,0.0,1.0,V1,461.8,138.1,40.0,V0,167.9,4.8,1.0,V0,0.0,1.0,V1,0.0,10.0,V1,2.7,2.0,V0,290.4,0.0,2.5,V1,1417.8,2466.0,4.8,1.0,V0,Yes,Yes,Yes
432,2012-08-14,12:00,13,T,Ho,5,-40,-50,-45,Russian corer,318.56,55.5,0.17,6.07,2.84,52.36,18.4,4.04,,10.2,,,,161887,-25.94,-327.7,0.6775,3130,3358,3252,3440,2.719,51.032,18.8,0.083,-25.936,3502.0,6.7,2.0,V0,798.6,0.0,1.0,V1,3.1,1.0,V0,0.0,1.0,V1,392.8,114.1,40.0,V0,120.7,4.0,1.0,V0,1.3,1.0,V0,0.0,10.0,V1,0.0,2.0,V1,308.6,0.0,2.5,V1,1387.6,1688.6,7.7,1.0,V0,Yes,Yes,Yes
433,2012-08-14,12:00,13,T,Ho,6,-50,-60,-55,Russian corer,318.56,54,0.17,6.61,2.62,52.6,20.1,3.96,,8.9,,,,162786,-26,-311.2,0.694,2935,,,,2.57,50.86,19.8,-0.15,-25.94,2996.0,6.3,2.0,V0,807.4,0.0,1.0,V1,4.6,1.0,V0,0.0,1.0,V1,1263.8,186.2,40.0,V0,330.8,10.2,1.0,V0,0.0,1.0,V1,0.0,10.0,V1,0.0,2.0,V1,252.0,0.0,2.5,V1,1520.6,891.6,11.8,1.0,V0,Yes,Yes,Yes
434,2012-08-14,12:00,13,T,Ho,7,-60,-70,-65,Russian corer,318.56,52.6,0.17,6.99,2.59,53.59,20.7,4.05,,7.1,,,,161888,-26.08,-349.3,0.6556,3390,3633,3576,3693,2.593,53.207,20.5,0.048,-25.974,3370.0,14.5,2.0,V0,949.8,0.0,1.0,V1,2.4,1.0,V0,0.0,1.0,V1,424.6,126.1,40.0,V0,120.5,3.4,1.0,V0,1.3,1.0,V0,0.0,10.0,V1,0.0,2.0,V1,290.4,0.0,2.5,V1,1408.8,1641.8,11.5,1.0,V0,Yes,Yes,Yes
435,2012-08-14,12:00,13,T,Ho,8,-70,-80,-75,Russian corer,318.56,47.7,0.15,7.78,2.46,54.74,22.2,4.08,,5.3,,,,,,,,,,,,,,,,,2664.0,10.1,2.0,V0,1075.4,0.0,1.0,V1,2.3,1.0,V0,0.0,1.0,V1,450.6,42.0,40.0,V0,110.6,3.1,1.0,V0,0.0,1.0,V1,0.0,10.0,V1,0.0,2.0,V1,209.4,0.0,2.5,V1,1157.8,1077.2,7.3,1.0,V0,Yes,Yes,Yes
436,2012-08-14,12:00,13,T,Ho,9,-80,-90,-85,Russian corer,318.56,43.6,0.14,8.32,2.35,54.7,23.3,4.1,,5.2,,,,161889,-25.85,-388.2,0.6165,3885,4333,4244,4412,2.239,52.901,23.6,-0.066,-25.854,2786.0,10.1,2.0,V0,1643.0,0.0,1.0,V1,0.0,1.0,V1,0.0,1.0,V1,644.0,114.1,40.0,V0,157.1,5.2,1.0,V0,3.3,1.0,V0,0.0,10.0,V1,3.9,2.0,V0,310.4,0.0,2.5,V1,1276.4,1457.8,11.5,1.0,V0,Yes,Yes,Yes
437,2012-08-14,12:00,13,T,Ho,10,-90,-100,-95,Russian corer,318.56,46.2,0.14,7.94,2.52,53.98,21.4,4.17,,6.8,,,,,,,,,,,,,,,,,2682.0,13.4,2.0,V0,1636.0,0.0,1.0,V1,4.1,1.0,V0,0.0,1.0,V1,774.4,162.2,40.0,V0,152.2,4.8,1.0,V0,2.7,1.0,V0,10.1,10.0,V0,6.8,2.0,V0,327.4,0.0,2.5,V1,1158.0,1862.2,14.0,1.0,V0,Yes,Yes,Yes
438,2012-08-14,12:00,13,T,Ho,11,-100,-125,-113,Russian corer,530.93,73.9,0.14,8.37,2.54,53.57,21.1,4.23,,7.2,,,,162007,-25.94,-405.1,0.5994,4110,4626,4526,4810,2.485,53.711,21.6,0.514,-25.917,3022.0,7.3,2.0,V0,1852.0,0.0,1.0,V1,2.0,1.0,V0,0.0,1.0,V1,936.0,174.2,40.0,V0,189.5,5.6,1.0,V0,1.3,1.0,V0,15.8,10.0,V0,2.4,2.0,V0,379.2,0.0,2.5,V1,1401.2,1847.4,11.9,1.0,V0,Yes,Yes,Yes
439,2012-08-14,12:00,13,T,Ho,12,-125,-150,-138,Russian corer,530.93,81.8,0.15,7.59,2.34,51.71,22.1,4.39,,11.5,,,,,,,,,,,,,,,,,2788.0,9.7,2.0,V0,1363.4,0.0,1.0,V1,1.3,1.0,V0,0.0,1.0,V1,758.6,84.1,40.0,V0,151.9,4.7,1.0,V0,0.0,1.0,V1,0.0,10.0,V1,0.0,2.0,V1,291.6,0.0,2.5,V1,942.8,988.0,8.3,1.0,V0,Yes,Yes,Yes
440,2012-08-14,12:00,13,T,Ho,13,-150,-175,-163,Russian corer,530.93,72.9,0.14,8.48,2.46,53.08,21.6,4.44,,9.4,,,,161933,-26.21,-496.5,0.5073,5450,6247,6204,6300,2.342,51.372,21.9,0.94,-26.236,3544.0,17.4,2.0,V0,2618.0,0.0,1.0,V1,4.1,1.0,V0,0.0,1.0,V1,1369.2,192.2,40.0,V0,258.4,9.1,1.0,V0,1.3,1.0,V0,0.0,10.0,V1,0.0,2.0,V1,506.4,0.0,2.5,V1,1471.8,1281.6,12.3,1.0,V0,Yes,Yes,Yes
441,2012-08-14,12:00,13,T,Ho,14,-175,-200,-188,Russian corer,530.93,65.9,0.12,8.82,2.42,52.03,21.5,4.6,,10,,,,,,,,,,,,,,,,,3670.0,7.3,2.0,V0,2814.0,0.0,1.0,V1,4.6,1.0,V0,0.0,1.0,V1,1543.6,198.2,40.0,V0,283.6,10.4,1.0,V0,0.0,1.0,V1,0.0,10.0,V1,0.0,2.0,V1,515.6,0.0,2.5,V1,1574.4,878.0,11.8,1.0,V0,Yes,Yes,Yes
442,2012-08-14,12:00,13,T,Ho,15,-200,-250,-225,Russian corer,530.93,111.7,0.21,5.26,2.44,50.68,20.8,4.89,,14.6,,,,161934,-26.75,-631.2,0.3717,7950,8830,8649,8980,2.425,50.488,20.8,1.517,-26.712,5752.0,6.7,2.0,V0,4622.0,0.0,1.0,V1,5.5,1.0,V0,0.0,1.0,V1,2824.0,264.2,40.0,V0,550.0,24.5,1.0,V0,0.0,1.0,V1,25.0,10.0,V0,3.7,2.0,V0,651.2,0.0,2.5,V1,2584.0,1219.6,11.4,1.0,V0,Yes,Yes,Yes
443,2012-08-14,12:00,13,T,Ho,16,-250,-270,-260,Russian corer,212.37,32.3,0.15,7.28,,,,,,,,,,161935,-25.75,-698.1,0.3042,9560,10944,10732,11086,2.332,47.596,20.4,-0.114,-25.762,3668.0,11.1,2.0,V0,2610.0,0.0,1.0,V1,9.1,1.0,V0,0.0,1.0,V1,2222.0,180.2,40.0,V0,547.6,23.4,1.0,V0,3.3,1.0,V0,38.2,10.0,V0,7.1,2.0,V0,387.0,0.0,2.5,V1,2598.0,445.4,14.0,1.0,V0,No,Yes,Yes
444,2012-08-14,12:00,13,T,Ho,17,-270,-300,-285,Russian corer,318.56,,,,,,,,,,,Mineral soil,,162510,-27.63,-734.7,0.2673,10600,12586,12422,12697,0.85,13.42,15.83,1.51,-26.01,15884.0,8.2,2.0,V0,2662.0,1.3,1.0,V1,35.5,1.0,V0,0.0,1.0,V1,21060.0,1585.6,40.0,V0,3876.0,119.1,1.0,V0,3.3,1.0,V0,76.3,10.0,V0,21.0,2.0,V0,388.4,0.0,2.5,V1,7768.0,2108.0,67.2,1.0,V0,No,No,Yes
445,2012-08-14,12:00,14,T,Hu,1,10,0,5,Hole saw,1368.11,24.5,0.02,2.59,,,,,,,,,,162526,-29.1,42.9,1.0509,,-59,-57,-61,1,47.47,47.4,-2.98,-28.94,,,,,,,,,,,,,,,,,,,,,,,,,,,,,,,,,,,,,,,,,No,Yes,Yes
446,2012-08-14,12:00,14,T,Hu,1,10,0,5,Hole saw,,,,,1.08,48.37,44.8,,,,,,,,,,,,,,,,,,,,511,7.9,4,V0,3163.6,0.0,1.6,V1,0.0,2.0,V1,6.6,3.0,V0,846.6,2748.0,40.0,V0,762.2,297.6,1.0,V0,0.0,2.0,V1,58.9,40.0,V0,0.0,2.0,V1,800.6,0.0,4.0,V1,931.0,-9999,41.7,1.0,V0,Yes,Yes,Yes
447,2012-08-14,12:00,14,T,Hu,2,0,-10,-5,Russian corer,318.56,,,,,,,,,,,No peat at this depth,,,,,,,,,,,,,,,,,,,,,,,,,,,,,,,,,,,,,,,,,,,,,,,,,,,,,,,No,No,No
448,2012-08-14,12:00,14,T,Hu,3,-10,-20,-15,Russian corer,318.56,,,,,,,,,,,No peat at this depth,,,,,,,,,,,,,,,,,,,,,,,,,,,,,,,,,,,,,,,,,,,,,,,,,,,,,,,No,No,No
449,2012-08-14,12:00,14,T,Hu,4,-20,-30,-25,Russian corer,318.56,,,,,,,,,,,No peat at this depth,,,,,,,,,,,,,,,,,,,,,,,,,,,,,,,,,,,,,,,,,,,,,,,,,,,,,,,No,No,No
450,2012-08-14,12:00,14,T,Hu,5,-30,-40,-35,Russian corer,318.56,17,0.05,10.91,,,,,,,,,Woody debris,,,,,,,,,,,,,,,,,,,,,,,,,,,,,,,,,,,,,,,,,,,,,,,,,,,,,,No,Yes,Yes
451,2012-08-14,12:00,14,T,Hu,6,-40,-50,-45,Russian corer,318.56,20.3,0.06,10.76,,,,,,,,,,,,,,,,,,,,,,,,,,,,,,,,,,,,,,,,,,,,,,,,,,,,,,,,,,,,,,,No,Yes,Yes
452,2012-08-14,12:00,14,T,Hu,7,-50,-60,-55,Russian corer,318.56,34.1,0.11,6.94,1.57,50.19,32.0,3.77,3.19,8.7,,,,,,,,,,,,,,,,,,,,,,,,,,,,,,,,,,,,,,,,,,,,,,,,,,,,,,,,,Yes,Yes,Yes
453,2012-08-14,12:00,14,T,Hu,8,-60,-70,-65,Russian corer,318.56,61.8,0.19,5.25,1.68,51.67,30.8,3.92,3.16,9.5,,,,,,,,,,,,,,,,,,,,,,,,,,,,,,,,,,,,,,,,,,,,,,,,,,,,,,,,,Yes,Yes,Yes
454,2012-08-14,12:00,14,T,Hu,9,-70,-80,-75,Russian corer,318.56,75.5,0.24,4.72,2,52.63,26.3,3.97,3.15,9.2,,,,,,,,,,,,,,,,,,,,,,,,,,,,,,,,,,,,,,,,,,,,,,,,,,,,,,,,,Yes,Yes,Yes
455,2012-08-14,12:00,14,T,Hu,10,-80,-90,-85,Russian corer,318.56,67.7,0.21,5.24,2.61,52.38,20.1,4.05,3.37,9.6,,,,,,,,,,,,,,,,,,,,,,,,,,,,,,,,,,,,,,,,,,,,,,,,,,,,,,,,,Yes,Yes,Yes
456,2012-08-14,12:00,14,T,Hu,11,-90,-100,-95,Russian corer,318.56,50.7,0.16,6.39,2.39,53.82,22.5,4.03,3.2,6.7,,,,,,,,,,,,,,,,,,,,,,,,,,,,,,,,,,,,,,,,,,,,,,,,,,,,,,,,,Yes,Yes,Yes
457,2012-08-14,12:00,14,T,Hu,12,-100,-125,-113,Russian corer,530.93,85.6,0.16,7.64,2.66,53.56,20.2,4.08,3.44,6,,,,,,,,,,,,,,,,,,,,,,,,,,,,,,,,,,,,,,,,,,,,,,,,,,,,,,,,,Yes,Yes,Yes
458,2012-08-14,12:00,14,T,Hu,13,-125,-150,-138,Russian corer,530.93,85.5,0.16,7.7,2.77,52.81,19.0,4.21,3.4,8.4,,,,,,,,,,,,,,,,,,,,,,,,,,,,,,,,,,,,,,,,,,,,,,,,,,,,,,,,,Yes,Yes,Yes
459,2012-08-14,12:00,14,T,Hu,14,-150,-175,-163,Russian corer,530.93,88,0.17,7.87,3,51.76,17.3,4.31,3.51,9.9,,,,,,,,,,,,,,,,,,,,,,,,,,,,,,,,,,,,,,,,,,,,,,,,,,,,,,,,,Yes,Yes,Yes
460,2012-08-14,12:00,14,T,Hu,15,-175,-200,-188,Russian corer,530.93,85.2,0.16,7.58,2.67,51.75,19.4,4.41,3.59,10.2,,,,,,,,,,,,,,,,,,,,,,,,,,,,,,,,,,,,,,,,,,,,,,,,,,,,,,,,,Yes,Yes,Yes
461,2012-08-14,12:00,14,T,Ho,1,0,-10,-5,Hole saw,1368.11,42.2,0.03,10.38,1.4,49.09,35.1,3.99,3.27,3.4,,,,161936,-28.57,70.9,1.0791,,-53,-51,-54,1.215,48.198,39.7,-1.461,-28.5,1073.4,9.0,2.0,V0,2590.0,0.0,1.0,V1,2.0,1.0,V0,0.0,1.0,V1,3196.0,1507.6,40.0,V0,691.8,117.0,1.0,V0,0.0,1.0,V1,0.0,10.0,V1,0.0,2.0,V1,868.0,12.1,2.5,V0,1348.2,1011.2,40.9,1.0,V0,Yes,Yes,Yes
462,2012-08-14,12:00,14,T,Ho,2,-10,-20,-15,Hole saw,1368.11,48.6,0.04,8.7,1.13,48.87,43.2,3.8,3.24,4.4,,,,161937,-28.1,148.3,1.157,,-40,-39,-41,1.14,46.736,41,-1.132,-28.059,1171.2,10.5,2.0,V0,2572.0,0.0,1.0,V1,0.0,1.0,V1,1.8,1.0,V0,2372.0,967.0,40.0,V0,599.8,80.7,1.0,V0,0.0,1.0,V1,17.2,10.0,V0,2.7,2.0,V0,794.8,10.1,2.5,V0,1434.0,1180.4,33.2,1.0,V0,Yes,Yes,Yes
463,2012-08-14,12:00,14,T,Ho,3,-20,-30,-25,Hole saw,1368.11,74,0.05,4.15,0.69,49.1,71.0,3.84,3.19,5.8,,,Woody debris,161938,-26.89,174.1,1.1831,,-38,-37,-39,0.818,47.36,57.9,-0.919,-26.816,1344.6,23.3,2.0,V0,2072.0,0.0,1.0,V1,2.3,1.0,V0,1.4,1.0,V0,1745.8,360.4,40.0,V0,391.4,37.1,1.0,V0,0.0,1.0,V1,0.0,10.0,V1,0.0,2.0,V1,427.2,12.6,2.5,V0,1440.0,1150.0,24.8,1.0,V0,Yes,Yes,Yes
464,2012-08-14,12:00,14,T,Ho,4,-30,-40,-35,Russian corer,318.56,18.7,0.06,15.4,,,,,,,,,,161939,-26.93,85.1,1.0934,,7,8,7,1.509,44.721,29.6,0.788,-26.88,2554.0,20.4,2.0,V0,2726.0,0.0,1.0,V1,4.6,1.0,V0,1.0,1.0,V0,1906.6,354.4,40.0,V0,512.0,27.8,1.0,V0,0.0,1.0,V1,24.8,10.0,V0,4.4,2.0,V0,742.0,8.6,2.5,V0,2500.0,1209.0,27.2,1.0,V0,No,Yes,Yes
465,2012-08-14,12:00,14,T,Ho,5,-40,-50,-45,Russian corer,318.56,20.9,0.07,13.76,,,,,,,,,,161940,-26.74,-7.2,1.0004,,53,75,36,1.548,48.178,31.1,1.191,-26.634,2692.0,13.2,2.0,V0,2730.0,0.0,1.0,V1,2.6,1.0,V0,0.0,1.0,V1,1417.2,288.2,40.0,V0,458.8,21.7,1.0,V0,1.3,1.0,V0,13.5,10.0,V0,0.0,2.0,V1,728.6,0.0,2.5,V1,2092.0,2210.0,16.4,1.0,V0,No,Yes,Yes
466,2012-08-14,12:00,14,T,Ho,6,-50,-60,-55,Russian corer,318.56,54.3,0.17,7.39,1.52,49.58,32.7,3.94,3.2,9.9,,,,162787,-26.9,-38.6,0.969,255,,,,1.42,47.66,33.6,1.58,-26.84,3814.0,14.5,2.0,V0,2738.0,0.0,1.0,V1,5.0,1.0,V0,0.0,1.0,V1,1324.6,258.2,40.0,V0,428.2,22.8,1.0,V0,0.0,1.0,V1,0.0,10.0,V1,4.4,2.0,V0,627.0,0.0,2.5,V1,1781.6,2858.0,12.1,1.0,V0,Yes,Yes,Yes
467,2012-08-14,12:00,14,T,Ho,7,-60,-70,-65,Russian corer,318.56,82.1,0.26,4.24,1.35,51.41,38.2,4,3.53,11.3,,,,161941,-26.87,-164.4,0.842,1380,1300,1271,1342,1.355,52.045,38.4,2.222,-26.727,4780.0,0.0,2.0,V1,2066.0,0.0,1.0,V1,0.0,1.0,V1,0.0,1.0,V1,1198.2,94.2,40.0,V0,319.2,0.0,1.0,V1,0.0,1.0,V1,0.0,10.0,V1,0.0,2.0,V1,436.4,0.0,2.5,V1,1501.0,568.2,0.0,1.0,V1,Yes,Yes,Yes
468,2012-08-14,12:00,14,T,Ho,8,-70,-80,-75,Russian corer,318.56,84.2,0.26,4.21,2,53.46,26.8,3.98,3.34,8.4,,,,,,,,,,,,,,,,,4948.0,0.0,2.0,V1,2028.0,0.0,1.0,V1,0.0,1.0,V1,0.0,1.0,V1,1159.6,246.0,40.0,V0,315.0,0.0,1.0,V1,0.0,1.0,V1,0.0,10.0,V1,0.0,2.0,V1,477.0,0.0,2.5,V1,1857.6,735.8,0.0,1.0,V1,Yes,Yes,Yes
469,2012-08-14,12:00,14,T,Ho,9,-80,-90,-85,Russian corer,318.56,69.7,0.22,5.23,2.52,52.6,20.9,4.13,3.26,9.3,,,,161942,-26.33,-306.1,0.6992,2875,2997,2891,3074,2.501,52.819,21.1,-0.107,-26.21,4880.0,0.0,2.0,V1,1419.4,0.0,1.0,V1,0.0,1.0,V1,0.0,1.0,V1,901.0,282.8,40.0,V0,241.0,0.0,1.0,V1,0.0,1.0,V1,0.0,10.0,V1,0.0,2.0,V1,414.0,0.0,2.5,V1,1732.2,344.2,0.0,1.0,V1,Yes,Yes,Yes
470,2012-08-14,12:00,14,T,Ho,10,-90,-100,-95,Russian corer,318.56,53.1,0.17,6.22,2.86,52.09,18.2,4.09,3.43,8.3,,,,,,,,,,,,,,,,,4168.0,0.0,2.0,V1,1072.8,0.0,1.0,V1,0.0,1.0,V1,0.0,1.0,V1,654.0,424.0,40.0,V0,224.4,0.0,1.0,V1,0.0,1.0,V1,12.3,10.0,V0,0.0,2.0,V1,376.8,0.0,2.5,V1,1564.8,296.8,1.4,1.0,V0,Yes,Yes,Yes
471,2012-08-14,12:00,14,T,Ho,11,-100,-125,-113,Russian corer,530.93,82.6,0.16,7.68,2.66,53.98,20.3,4.12,3.42,5.2,,,,161943,-25.8,-370.5,0.6343,3655,3976,3893,4084,2.69,55.045,20.5,-0.143,-25.643,3930.0,0.0,2.0,V1,1306.2,0.0,1.0,V1,0.0,1.0,V1,0.0,1.0,V1,671.4,193.7,40.0,V0,189.2,0.0,1.0,V1,0.0,1.0,V1,0.0,10.0,V1,0.0,2.0,V1,449.2,0.0,2.5,V1,1714.4,363.4,0.0,1.0,V1,Yes,Yes,Yes
472,2012-08-14,12:00,14,T,Ho,12,-125,-150,-138,Russian corer,530.93,85.8,0.16,7.74,2.84,52.08,18.4,4.28,3.47,9,,,,,,,,,,,,,,,,,5066.0,0.0,2.0,V1,1310.4,0.0,1.0,V1,0.0,1.0,V1,0.0,1.0,V1,1115.4,602.0,40.0,V0,330.4,0.0,1.0,V1,0.0,1.0,V1,0.0,10.0,V1,0.0,2.0,V1,503.0,0.0,2.5,V1,1678.4,233.0,0.0,1.0,V1,Yes,Yes,Yes
473,2012-08-14,12:00,14,T,Ho,13,-150,-175,-163,Russian corer,530.93,87.4,0.16,7.82,2.69,52.67,19.6,4.53,4.14,8.6,,,,161944,-25.89,-476,0.528,5130,5902,5757,5933,2.635,51.609,19.6,0.64,-25.89,5872.0,0.0,2.0,V1,1718.6,0.0,1.0,V1,0.0,1.0,V1,0.0,1.0,V1,1431.4,497.4,40.0,V0,353.4,0.0,1.0,V1,0.0,1.0,V1,0.0,10.0,V1,0.0,2.0,V1,821.8,0.0,2.5,V1,1788.2,287.4,0.0,1.0,V1,Yes,Yes,Yes
474,2012-08-14,12:00,14,T,Ho,14,-175,-200,-188,Russian corer,530.93,84.2,0.16,7.42,2.54,51.81,20.4,4.54,3.64,9.3,,,,,,,,,,,,,,,,,6746.0,0.0,2.0,V1,2194.0,0.0,1.0,V1,0.0,1.0,V1,0.0,1.0,V1,2118.0,696.4,40.0,V0,469.4,0.0,1.0,V1,0.0,1.0,V1,0.0,10.0,V1,0.0,2.0,V1,754.0,0.0,2.5,V1,1786.4,303.4,0.0,1.0,V1,Yes,Yes,Yes
475,2012-08-14,12:00,14,T,Ho,15,-200,-215,-208,Russian corer,159.28,41.7,0.26,7.47,2.28,46.62,20.5,4.66,3.85,19,,,,161961,-26.71,-536.4,0.4671,6115,6991,6898,7156,2.241,46.65,20.8,1.24,-26.73,10010.0,0.0,2.0,V1,1853.6,0.0,1.0,V1,0.0,1.0,V1,0.0,1.0,V1,2334.0,1010.4,40.0,V0,633.4,0.0,1.0,V1,0.0,1.0,V1,31.9,10.0,V0,0.0,2.0,V1,1044.0,0.0,2.5,V1,1880.4,248.2,0.0,1.0,V1,Yes,Yes,Yes
476,2012-08-14,12:00,14,T,Ho,16,-215,-220,-218,Russian corer,53.09,19.8,0.37,1.82,,,,,,,,,,,,,,,,,,,,,,,27020.0,0.0,2.0,V1,801.0,0.0,1.0,V1,0.0,1.0,V1,0.0,1.0,V1,3672.0,2728.0,40.0,V0,1368.4,0.0,1.0,V1,0.0,1.0,V1,69.7,10.0,V0,0.0,2.0,V1,2436.0,0.0,2.5,V1,431.2,415.0,0.0,1.0,V1,No,Yes,Yes
477,2012-08-15,12:00,15,T,Hu,1,24,20,22,Hole saw,547.24,20,0.04,6.35,,,,,,,,,,162527,-29,38,1.0459,,-60,-58,-62,1.12,47.59,42.6,-3.48,-28.98,,,,,,,,,,,,,,,,,,,,,,,,,,,,,,,,,,,,,,,,,No,Yes,Yes
478,2012-08-15,12:00,15,T,Hu,2,20,10,15,Hole saw,1368.11,50.6,0.04,8.24,1.16,48.9,42.0,3.49,3,2.9,,,,162528,-28.3,74.5,1.0827,,-52,-51,-53,0.96,47.38,49.3,-1.53,-28.28,,,,,,,,,,,,,,,,,,,,,,,,,,,,,,,,,,,,,,,,,Yes,Yes,Yes
479,2012-08-15,12:00,15,T,Hu,3,10,0,5,Hole saw,1368.11,57.4,0.04,10.03,1.51,48.46,32.0,3.54,3.01,5.1,,,,164357,-27.54,210,1.2195,,-34,-33,-35,1.16,46.99,40.7,-0.55,-27.68,,,,,,,,,,,,,,,,,,,,,,,,,,,,,,,,,,,,,,,,,Yes,Yes,Yes
480,2012-08-15,12:00,15,T,Hu,4,0,-10,-5,Russian corer,106.19,28.7,0.27,11.07,,,,,,,,,,,,,,,,,,,,,,,,,,,,,,,,,,,,,,,,,,,,,,,,,,,,,,,,,,,,,,,No,Yes,Yes
481,2012-08-15,12:00,15,T,Hu,1,24,20,22,Hole saw,,,,,1.19,48.38,40.6,,,,,,,,,,,,,,,,,,,,325,9.1,4,V0,4033.3,0.0,1.6,V1,0.0,2.0,V1,4.8,3.0,V0,648.6,4529.0,40.0,V0,999.7,301.8,1.0,V0,0.0,2.0,V1,61.0,40.0,V0,0.0,2.0,V1,1033.4,0.0,4.0,V1,888.1,-9999,42.9,1.0,V0,Yes,Yes,Yes
482,2012-08-15,12:00,15,T,Hu,2,20,10,15,Hole saw,,,,,1.02,48.84,47.9,,,,,,,,,,,,,,,,,,,,664,7.1,4,V0,1988.1,0.0,1.6,V1,0.0,2.0,V1,4.8,3.0,V0,2365.9,1715.8,40.0,V0,623.3,80.0,1.0,V0,0.0,2.0,V1,42.8,40.0,V0,0.0,2.0,V1,802.1,8.0,4.0,V0,1002.2,-9999,44.1,1.0,V0,Yes,Yes,Yes
483,2012-08-15,12:00,15,T,Hu,3,10,0,5,Hole saw,,,,,1.23,47.26,38.5,,,,,,,,,,,,,,,,,,,,1636,6.3,4,V0,2515.5,0.0,1.6,V1,2.0,2.0,V0,7.7,3.0,V0,2188.7,646.2,40.0,V0,524.4,37.6,1.0,V0,0.0,2.0,V1,0.0,40.0,V1,2.1,2.0,V0,715.8,36.1,4.0,V0,1485.2,-9999,33.5,1.0,V0,Yes,Yes,Yes
484,2012-08-15,12:00,15,T,Hu,4,0,-10,-5,Russian corer,,,,,1.35,47.72,35.3,,,,,,,,,,,,,,,,,,,,2400,5.0,4,V0,2990.6,0.0,1.6,V1,3.0,2.0,V0,5.8,3.0,V0,1903.1,314.4,40.0,V0,579.9,30.5,1.0,V0,0.0,2.0,V1,54.3,40.0,V0,2.1,2.0,V0,637.8,17.4,4.0,V0,2168.1,-9999,30.3,1.0,V0,Yes,Yes,Yes
485,2012-08-15,12:00,15,T,Hu,5,-10,-20,-15,Russian corer,318.56,53.4,0.17,6.21,1.5,50.93,34.1,3.8,3.09,7.6,,,,,,,,,,,,,,,,,,,,,,,,,,,,,,,,,,,,,,,,,,,,,,,,,,,,,,,,,Yes,Yes,Yes
486,2012-08-15,12:00,15,T,Hu,6,-20,-30,-25,Russian corer,318.56,70.1,0.22,4.35,1.26,52.61,41.9,3.87,3.13,7.8,,,,,,,,,,,,,,,,,,,,,,,,,,,,,,,,,,,,,,,,,,,,,,,,,,,,,,,,,Yes,Yes,Yes
487,2012-08-15,12:00,15,T,Hu,7,-30,-40,-35,Russian corer,318.56,85.9,0.27,3.68,1.93,53.44,27.6,3.98,3.13,9.5,,,,,,,,,,,,,,,,,,,,,,,,,,,,,,,,,,,,,,,,,,,,,,,,,,,,,,,,,Yes,Yes,Yes
488,2012-08-15,12:00,15,T,Hu,8,-40,-50,-45,Russian corer,318.56,72.2,0.23,4.26,2.51,53.51,21.3,4.04,3.2,9.6,,,,,,,,,,,,,,,,,,,,,,,,,,,,,,,,,,,,,,,,,,,,,,,,,,,,,,,,,Yes,Yes,Yes
489,2012-08-15,12:00,15,T,Hu,9,-50,-60,-55,Russian corer,318.56,78.2,0.25,4.74,2.14,53.65,25.1,3.99,3.2,9.4,,,,,,,,,,,,,,,,,,,,,,,,,,,,,,,,,,,,,,,,,,,,,,,,,,,,,,,,,Yes,Yes,Yes
490,2012-08-15,12:00,15,T,Hu,10,-60,-70,-65,Russian corer,318.56,71,0.22,4.97,2.66,53.05,19.9,4.01,3.21,9.3,,,,,,,,,,,,,,,,,,,,,,,,,,,,,,,,,,,,,,,,,,,,,,,,,,,,,,,,,Yes,Yes,Yes
491,2012-08-15,12:00,15,T,Hu,11,-70,-80,-75,Russian corer,318.56,60.1,0.19,6.25,2.65,53.98,20.4,4.05,3.27,6.5,,,,,,,,,,,,,,,,,,,,,,,,,,,,,,,,,,,,,,,,,,,,,,,,,,,,,,,,,Yes,Yes,Yes
492,2012-08-15,12:00,15,T,Hu,12,-80,-90,-85,Russian corer,318.56,57,0.18,6.83,2.59,54.75,21.1,4.12,3.33,5.8,,,,,,,,,,,,,,,,,,,,,,,,,,,,,,,,,,,,,,,,,,,,,,,,,,,,,,,,,Yes,Yes,Yes
493,2012-08-15,12:00,15,T,Hu,13,-90,-100,-95,Russian corer,318.56,58.1,0.18,6.07,2.64,52.75,20.0,4.21,3.44,9.3,,,,,,,,,,,,,,,,,,,,,,,,,,,,,,,,,,,,,,,,,,,,,,,,,,,,,,,,,Yes,Yes,Yes
494,2012-08-15,12:00,15,T,Hu,14,-100,-125,-113,Russian corer,530.93,106.7,0.2,5.71,2.6,52.33,20.2,4.09,3.31,9.9,,,,,,,,,,,,,,,,,,,,,,,,,,,,,,,,,,,,,,,,,,,,,,,,,,,,,,,,,Yes,Yes,Yes
495,2012-08-15,12:00,15,T,Hu,15,-125,-150,-138,Russian corer,530.93,179.7,0.34,3.1,1.44,28.39,19.6,4.62,3.79,51.3,,,Mineral matter?,,,,,,,,,,,,,,,,,,,,,,,,,,,,,,,,,,,,,,,,,,,,,,,,,,,,,,Yes,Yes,Yes
496,2012-08-15,12:00,15,T,Ho,1,0,-10,-5,Hole saw,1368.11,55.6,0.04,10.37,1.39,48.56,35.0,3.6,3.05,,,,,164358,-28.81,114.2,1.1229,,-47,-45,-48,1.24,47.19,38,-1.95,-28.61,1667.0,0.0,2.0,V1,1630.6,0.0,1.0,V1,0.0,1.0,V1,0.0,1.0,V1,1818.8,628.2,40.0,V0,371.0,0.0,1.0,V1,0.0,1.0,V1,0.0,10.0,V1,0.0,2.0,V1,517.4,0.0,2.5,V1,888.2,187.1,0.0,1.0,V1,Yes,Yes,Yes
497,2012-08-15,12:00,15,T,Ho,2,-10,-20,-15,Hole saw,1368.11,96.8,0.07,6.68,1.1,48.57,44.1,3.7,3.09,7.5,,,,164359,-26.59,95.8,1.1043,,-6,-5,-6,1.07,48.11,45.1,-0.09,-26.62,2094.0,0.0,2.0,V1,1807.2,0.0,1.0,V1,0.0,1.0,V1,0.0,1.0,V1,1441.0,188.5,40.0,V0,310.0,0.0,1.0,V1,0.0,1.0,V1,0.0,10.0,V1,0.0,2.0,V1,416.2,0.0,2.5,V1,1598.8,219.4,0.0,1.0,V1,Yes,Yes,Yes
498,2012-08-15,12:00,15,T,Ho,3,-20,-30,-25,Hole saw,1368.11,104.1,0.08,7.33,1.22,50.1,41.1,3.8,3.17,6.1,,,,164360,-26.37,4,1.0118,,9,9,8,1.18,48.37,40.9,0.96,-26.4,1818.8,0.0,2.0,V1,1974.2,0.0,1.0,V1,0.0,1.0,V1,0.0,1.0,V1,1283.4,94.2,40.0,V0,330.6,0.0,1.0,V1,0.0,1.0,V1,0.0,10.0,V1,0.0,2.0,V1,424.8,0.0,2.5,V1,1735.4,379.2,0.0,1.0,V1,Yes,Yes,Yes
499,2012-08-15,12:00,15,T,Ho,4,-30,-40,-35,Russian corer,318.56,85.2,0.27,3.44,1.66,53.11,32.0,3.99,3.19,9.6,,,,164361,-26.98,-207.7,0.7984,1810,1748,1621,1857,1.64,52.4,31.9,1.26,-26.97,3062.0,0.0,2.0,V1,1428.0,0.0,1.0,V1,0.0,1.0,V1,0.0,1.0,V1,793.8,78.5,40.0,V0,198.8,0.0,1.0,V1,0.0,1.0,V1,0.0,10.0,V1,0.0,2.0,V1,392.8,0.0,2.5,V1,1292.2,372.4,0.0,1.0,V1,Yes,Yes,Yes
500,2012-08-15,12:00,15,T,Ho,5,-40,-50,-45,Russian corer,318.56,69,0.22,3.81,2.56,53.4,20.9,4.08,3.19,9.1,,,,164362,-26.29,-307.8,0.6976,2895,3026,2952,3141,2.53,52.89,20.9,-0.44,-26.37,2382.0,0.0,2.0,V1,816.4,0.0,1.0,V1,0.0,1.0,V1,0.0,1.0,V1,536.8,,40.0,V1,113.8,0.0,1.0,V1,0.0,1.0,V1,0.0,10.0,V1,0.0,2.0,V1,221.6,0.0,2.5,V1,890.0,565.2,0.0,1.0,V1,Yes,Yes,Yes
501,2012-08-15,12:00,15,T,Ho,6,-50,-60,-55,Russian corer,318.56,91.7,0.29,5.3,1.99,52.84,26.5,4.01,3.24,8.9,,,,162788,-26.8,-247.2,0.759,2220,,,,1.96,52,26.6,0.98,-26.78,4406.0,0.0,2.0,V1,1864.8,0.0,1.0,V1,0.0,1.0,V1,0.0,1.0,V1,1448.0,162.3,40.0,V0,355.4,0.0,1.0,V1,0.0,1.0,V1,0.0,10.0,V1,0.0,2.0,V1,595.2,0.0,2.5,V1,1843.6,545.8,0.0,1.0,V1,Yes,Yes,Yes
502,2012-08-15,12:00,15,T,Ho,7,-60,-70,-65,Russian corer,318.56,151,0.47,2.88,1.58,31.94,20.2,4.35,4.6,43.3,,,Low [C] value_Rerun three times includes mineral matter.,164363,-26.25,-322.6,0.6826,3065,3287,3210,3358,1.75,34.51,19.8,-0.21,-26.23,7142.0,0.0,2.0,V1,1386.2,0.0,1.0,V1,0.0,1.0,V1,4.9,1.0,V0,3734.0,403.2,40.0,V0,597.4,0.0,1.0,V1,0.0,1.0,V1,11.4,10.0,V0,0.0,2.0,V1,401.8,0.0,2.5,V1,1095.0,250.2,0.0,1.0,V1,Yes,Yes,Yes
503,2012-08-15,12:00,15,T,Ho,8,-70,-80,-75,Russian corer,318.56,101.1,0.32,4.72,2.35,46.89,20.0,4.27,3.44,18.9,,,,,,,,,,,,,,,,,8234.0,0.0,2.0,V1,1506.2,0.0,1.0,V1,0.0,1.0,V1,0.0,1.0,V1,2056.0,371.8,40.0,V0,373.2,0.0,1.0,V1,0.0,1.0,V1,0.0,10.0,V1,0.0,2.0,V1,614.0,0.0,2.5,V1,1526.8,183.9,0.0,1.0,V1,Yes,Yes,Yes
504,2012-08-15,12:00,15,T,Ho,9,-80,-90,-85,Russian corer,318.56,82.7,0.26,6.06,2.5,53.01,21.2,4.28,3.49,8.2,,,,162543,-26.21,-419.3,0.5852,4305,4861,4832,4960,2.47,51.1,20.7,0.97,-26.19,5686.0,0.0,2.0,V1,1477.6,0.0,1.0,V1,0.0,1.0,V1,0.0,1.0,V1,1203.2,246.0,40.0,V0,229.4,0.0,1.0,V1,0.0,1.0,V1,0.0,10.0,V1,0.0,2.0,V1,641.6,0.0,2.5,V1,1771.2,290.6,0.0,1.0,V1,Yes,Yes,Yes
505,2012-08-15,12:00,15,T,Ho,10,-90,-100,-95,Russian corer,318.56,86.7,0.27,5.32,2.42,45.88,19.0,4.5,3.56,22.5,,,Mineral matter?,,,,,,,,,,,,,,5688.0,0.0,2.0,V1,1171.6,0.0,1.0,V1,0.0,1.0,V1,0.0,1.0,V1,1404.8,340.4,40.0,V0,258.4,0.0,1.0,V1,0.0,1.0,V1,14.2,10.0,V0,0.0,2.0,V1,658.2,0.0,2.5,V1,1254.4,270.0,0.0,1.0,V1,Yes,Yes,Yes
506,2012-08-15,12:00,15,T,Ho,11,-100,-125,-113,Russian corer,530.93,161,0.3,3.98,1.55,30.64,19.8,4.48,3.77,50.2,,,Mineral matter?,163527,-26.29,-401.4,0.6032,4060,4538,4439,4784,1.55,30.18,19.5,0.37,-26.24,7376.0,0.0,2.0,V1,1184.8,0.0,1.0,V1,0.0,1.0,V1,0.0,1.0,V1,3852.0,434.6,40.0,V0,657.8,0.0,1.0,V1,0.0,1.0,V1,16.5,10.0,V0,0.0,2.0,V1,502.6,0.0,2.5,V1,1167.8,243.4,0.0,1.0,V1,Yes,Yes,Yes
507,2012-08-15,12:00,15,T,Ho,12,-125,-150,-138,Russian corer,530.93,219.7,0.41,2.56,1.3,26.22,20.2,4.73,3.95,56.9,,,Mineral matter?,,,,,,,,,,,,,,10436.0,0.0,2.0,V1,1295.8,0.0,1.0,V1,0.0,1.0,V1,1.6,1.0,V0,4186.0,727.8,40.0,V0,855.0,0.0,1.0,V1,0.0,1.0,V1,32.7,10.0,V0,0.0,2.0,V1,554.8,0.0,2.5,V1,831.0,183.0,0.0,1.0,V1,Yes,Yes,Yes
508,2012-08-15,12:00,16,T,Hu,1,29,20,25,Hole saw,1231.3,25.4,0.02,7.54,,,,,,,,,,164365,-29.14,53.5,1.0617,,-57,-55,-58,0.9,46.6,51.6,-2.62,-29.02,,,,,,,,,,,,,,,,,,,,,,,,,,,,,,,,,,,,,,,,,No,Yes,Yes
509,2012-08-15,12:00,16,T,Hu,2,20,10,15,Hole saw,1368.11,43.2,0.03,7.4,0.96,48.42,50.4,3.71,,3.5,,,,164366,-28.11,88.4,1.0969,,-49,-48,-50,0.93,45.31,48.7,-0.82,-27.97,,,,,,,,,,,,,,,,,,,,,,,,,,,,,,,,,,,,,,,,,Yes,Yes,Yes
510,2012-08-15,12:00,16,T,Hu,3,10,0,5,Hole saw,1368.11,47.9,0.04,6.96,1.11,48.46,43.5,3.75,,4.9,,,,163524,-27.75,143.8,1.1525,,-41,-40,-41,1.04,46.91,45,-0.48,-27.79,,,,,,,,,,,,,,,,,,,,,,,,,,,,,,,,,,,,,,,,,Yes,Yes,Yes
511,2012-08-15,12:00,16,T,Hu,4,0,-10,-5,Russian corer,318.56,23.8,0.07,10.83,,,,,,,,,,,,,,,,,,,,,,,,,,,,,,,,,,,,,,,,,,,,,,,,,,,,,,,,,,,,,,,No,Yes,Yes
512,2012-08-15,12:00,16,T,Hu,1,29,20,25,Hole saw,,,,,1.03,47.50,46.3,,,,,,,,,,,,,,,,,,,,482,4.8,4,V0,3044.7,0.0,1.6,V1,0.0,2.0,V1,6.5,3.0,V0,1198.7,2258.5,40.0,V0,698.5,209.3,1.0,V0,0.0,2.0,V1,56.0,40.0,V0,0.0,2.0,V1,690.5,0.0,4.0,V1,919.9,-9999,29.7,1.0,V0,Yes,Yes,Yes
513,2012-08-15,12:00,16,T,Hu,2,20,10,15,Hole saw,,,,,0.99,47.28,47.7,,,,,,,,,,,,,,,,,,,,995,4.4,4,V0,2219.0,0.0,1.6,V1,0.0,2.0,V1,7.7,3.0,V0,2721.0,1060.9,40.0,V0,565.3,124.9,1.0,V0,0.0,2.0,V1,0.0,40.0,V1,0.0,2.0,V1,644.3,15.6,4.0,V0,1099.7,-9999,30.9,1.0,V0,Yes,Yes,Yes
514,2012-08-15,12:00,16,T,Hu,3,10,0,5,Hole saw,,,,,1.08,47.51,44.1,,,,,,,,,,,,,,,,,,,,1449,5.9,4,V0,2111.8,0.0,1.6,V1,2.5,2.0,V0,7.7,3.0,V0,2110.8,970.2,40.0,V0,511.2,107.1,1.0,V0,0.0,2.0,V1,0.0,40.0,V1,0.0,2.0,V1,671.5,16.3,4.0,V0,1467.6,-9999,26.6,1.0,V0,Yes,Yes,Yes
515,2012-08-15,12:00,16,T,Hu,4,0,-10,-5,Russian corer,,,,,1.27,47.68,37.7,,,,,,,,,,,,,,,,,,,,2137,6.6,4,V0,2353.5,0.0,1.6,V1,3.1,2.0,V0,6.1,3.0,V0,1451.7,482.6,40.0,V0,467.0,34.8,1.0,V0,0.0,2.0,V1,47.4,40.0,V0,0.0,2.0,V1,576.5,17.5,4.0,V0,2123.8,-9999,20.3,1.0,V0,Yes,Yes,Yes
516,2012-08-15,12:00,16,T,Hu,5,-10,-20,-15,Russian corer,318.56,42,0.13,6.54,1.28,49.95,39.0,3.8,,8.1,,,,,,,,,,,,,,,,,,,,,,,,,,,,,,,,,,,,,,,,,,,,,,,,,,,,,,,,,Yes,Yes,Yes
517,2012-08-15,12:00,16,T,Hu,6,-20,-30,-25,Russian corer,318.56,64.9,0.2,4.78,1.32,50.81,38.5,3.83,,9.3,,,,,,,,,,,,,,,,,,,,,,,,,,,,,,,,,,,,,,,,,,,,,,,,,,,,,,,,,Yes,Yes,Yes
518,2012-08-15,12:00,16,T,Hu,7,-30,-40,-35,Russian corer,318.56,73.7,0.23,3.81,1.59,52.67,33.2,3.86,,9.3,,,,,,,,,,,,,,,,,,,,,,,,,,,,,,,,,,,,,,,,,,,,,,,,,,,,,,,,,Yes,Yes,Yes
519,2012-08-15,12:00,16,T,Hu,8,-40,-50,-45,Russian corer,318.56,66.1,0.21,4.45,1.99,54.23,27.2,3.91,,7.4,,,,,,,,,,,,,,,,,,,,,,,,,,,,,,,,,,,,,,,,,,,,,,,,,,,,,,,,,Yes,Yes,Yes
520,2012-08-15,12:00,16,T,Hu,9,-50,-60,-55,Russian corer,318.56,68.2,0.21,5.58,2.63,53.49,20.4,3.65,,7.7,,,,,,,,,,,,,,,,,,,,,,,,,,,,,,,,,,,,,,,,,,,,,,,,,,,,,,,,,Yes,Yes,Yes
521,2012-08-15,12:00,16,T,Hu,10,-60,-70,-65,Russian corer,318.56,57.1,0.18,6.44,2.75,54.12,19.6,4.04,,6.5,,,,,,,,,,,,,,,,,,,,,,,,,,,,,,,,,,,,,,,,,,,,,,,,,,,,,,,,,Yes,Yes,Yes
522,2012-08-15,12:00,16,T,Hu,11,-70,-80,-75,Russian corer,318.56,53.7,0.17,7.07,2.64,55.48,21.1,4.05,,4.2,,,,,,,,,,,,,,,,,,,,,,,,,,,,,,,,,,,,,,,,,,,,,,,,,,,,,,,,,Yes,Yes,Yes
523,2012-08-15,12:00,16,T,Hu,12,-80,-90,-85,Russian corer,318.56,49.2,0.15,7.82,2.48,54.94,22.1,4.1,,5,,,,,,,,,,,,,,,,,,,,,,,,,,,,,,,,,,,,,,,,,,,,,,,,,,,,,,,,,Yes,Yes,Yes
524,2012-08-15,12:00,16,T,Hu,13,-90,-100,-95,Russian corer,318.56,48.3,0.15,7.63,2.35,54.8,23.3,4.09,,5.7,,,,,,,,,,,,,,,,,,,,,,,,,,,,,,,,,,,,,,,,,,,,,,,,,,,,,,,,,Yes,Yes,Yes
525,2012-08-15,12:00,16,T,Hu,14,-100,-125,-113,Russian corer,530.93,85.8,0.16,7.74,2.64,53.07,20.1,4.18,,8.5,,,,,,,,,,,,,,,,,,,,,,,,,,,,,,,,,,,,,,,,,,,,,,,,,,,,,,,,,Yes,Yes,Yes
526,2012-08-15,12:00,16,T,Hu,15,-125,-150,-138,Russian corer,530.93,83.4,0.16,7.48,2.46,52.35,21.3,4.36,,10.4,,,,,,,,,,,,,,,,,,,,,,,,,,,,,,,,,,,,,,,,,,,,,,,,,,,,,,,,,Yes,Yes,Yes
527,2012-08-15,12:00,16,T,Hu,16,-150,-175,-163,Russian corer,530.93,80.9,0.15,7.94,2.51,52.84,21.0,4.34,,9.7,,,,,,,,,,,,,,,,,,,,,,,,,,,,,,,,,,,,,,,,,,,,,,,,,,,,,,,,,Yes,Yes,Yes
528,2012-08-15,12:00,16,T,Hu,17,-175,-200,-188,Russian corer,530.93,72.7,0.14,8.65,2.41,54.08,22.4,4.47,,6.9,,,,,,,,,,,,,,,,,,,,,,,,,,,,,,,,,,,,,,,,,,,,,,,,,,,,,,,,,Yes,Yes,Yes
529,2012-08-15,12:00,16,T,Ho,1,0,-10,-5,Hole saw,1368.11,57.5,0.04,10.08,1.12,48.33,43.1,3.72,,3.6,,,,161962,-28.23,101.8,1.1102,,-47,-45,-50,1.084,47.364,43.7,-1.33,-28.35,1244.4,0.0,2.0,V1,1879.6,0.0,1.0,V1,0.0,1.0,V1,0.0,1.0,V1,2398.0,947.6,40.0,V0,461.6,13.5,1.0,V0,0.0,1.0,V1,0.0,10.0,V1,0.0,2.0,V1,623.6,0.0,2.5,V1,1601.8,229.2,9.2,1.0,V0,Yes,Yes,Yes
530,2012-08-15,12:00,16,T,Ho,2,-10,-20,-15,Hole saw,1368.11,70.5,0.05,8.81,1.28,47.26,37.0,3.61,,8.6,,,,161963,-27.19,127.7,1.1363,,-43,-42,-44,1.188,46.752,39.4,-0.32,-27.62,1963.8,0.0,2.0,V1,1683.6,0.0,1.0,V1,0.0,1.0,V1,0.0,1.0,V1,1759.2,437.6,40.0,V0,364.0,18.5,1.0,V0,0.0,1.0,V1,33.6,10.0,V0,0.0,2.0,V1,505.6,0.0,2.5,V1,1404.4,170.4,15.8,1.0,V0,Yes,Yes,Yes
531,2012-08-15,12:00,16,T,Ho,3,-20,-30,-25,Hole saw,1368.11,74.2,0.05,8.6,1.25,48.2,38.6,3.6,,6,,,,161964,-26.7,11.9,1.0196,,3,4,2,1.179,46.074,39.1,0.28,-27.21,2058.0,0.0,2.0,V1,2140.0,0.0,1.0,V1,0.0,1.0,V1,0.0,1.0,V1,1625.2,498.4,40.0,V0,414.2,18.2,1.0,V0,0.0,1.0,V1,69.7,10.0,V0,0.0,2.0,V1,664.6,0.0,2.5,V1,1964.2,563.6,15.7,1.0,V0,Yes,Yes,Yes
532,2012-08-15,12:00,16,T,Ho,4,-30,-40,-35,Russian corer,318.56,78.2,0.25,4.04,1.44,52.65,36.5,3.85,,8.6,,,,161995,-26.7,-186.6,0.8197,1595,1474,1410,1548,1.416,53.227,37.6,2.34,-26.78,4246.0,0.0,2.0,V1,1726.2,0.0,1.0,V1,0.0,1.0,V1,0.0,1.0,V1,921.2,328.2,40.0,V0,287.8,3.3,1.0,V0,0.0,1.0,V1,47.4,10.0,V0,0.0,2.0,V1,533.2,0.0,2.5,V1,1803.0,4736.0,2.1,1.0,V0,Yes,Yes,Yes
533,2012-08-15,12:00,16,T,Ho,5,-40,-50,-45,Russian corer,318.56,67.2,0.21,4.46,2.09,54.37,26.1,3.87,,6.5,,,,161965,-26.43,-265.7,0.7399,2420,2438,2354,2684,2.026,54.594,26.9,-0.66,-26.53,4228.0,0.0,2.0,V1,1718.6,0.0,1.0,V1,0.0,1.0,V1,0.0,1.0,V1,807.2,352.6,40.0,V0,248.4,0.0,1.0,V1,0.0,1.0,V1,11.3,10.0,V0,0.0,2.0,V1,389.0,0.0,2.5,V1,1832.8,3460.0,3.2,1.0,V0,Yes,Yes,Yes
534,2012-08-15,12:00,16,T,Ho,6,-50,-60,-55,Russian corer,318.56,70.7,0.22,5.41,1.92,53.85,28.1,3.8,,6.5,,,,162789,-26.8,-236.7,0.769,2110,,,,1.82,52.34,28.8,-0.51,-26.61,4184.0,0.0,2.0,V1,1732.6,0.0,1.0,V1,0.0,1.0,V1,0.0,1.0,V1,877.6,297.8,40.0,V0,253.0,1.8,1.0,V0,0.0,1.0,V1,32.3,10.0,V0,0.0,2.0,V1,429.6,0.0,2.5,V1,1807.4,3748.0,3.0,1.0,V0,Yes,Yes,Yes
535,2012-08-15,12:00,16,T,Ho,7,-60,-70,-65,Russian corer,318.56,65.5,0.21,5.26,2.42,54.62,22.6,3.91,,6.6,,,,161966,-26.15,-301.8,0.7035,2825,2925,2863,2995,2.263,52.36,23.1,-0.67,-26.25,3958.0,0.0,2.0,V1,1409.6,0.0,1.0,V1,0.0,1.0,V1,0.0,1.0,V1,700.0,218.8,40.0,V0,189.5,0.0,1.0,V1,0.0,1.0,V1,18.4,10.0,V0,0.0,2.0,V1,382.6,0.0,2.5,V1,1772.6,916.0,4.0,1.0,V0,Yes,Yes,Yes
536,2012-08-15,12:00,16,T,Ho,8,-70,-80,-75,Russian corer,318.56,63.3,0.2,5.95,2.76,52.97,19.2,3.98,,9.3,,,,,,,,,,,,,,,,,3954.0,0.0,2.0,V1,1016.4,0.0,1.0,V1,0.0,1.0,V1,0.0,1.0,V1,524.8,340.4,40.0,V0,156.7,0.0,1.0,V1,0.0,1.0,V1,0.0,10.0,V1,0.0,2.0,V1,390.8,0.0,2.5,V1,1814.6,1060.8,6.6,1.0,V0,Yes,Yes,Yes
537,2012-08-15,12:00,16,T,Ho,9,-80,-90,-85,Russian corer,318.56,56.2,0.18,6.66,2.77,54.36,19.6,4.05,,6.5,,,,161968,-25.89,-365.6,0.6393,3595,3899,3840,3971,2.652,53.199,20.1,-0.28,-25.96,3930.0,0.0,2.0,V1,967.2,0.0,1.0,V1,0.0,1.0,V1,0.0,1.0,V1,500.2,200.6,40.0,V0,150.0,0.0,1.0,V1,0.0,1.0,V1,23.6,10.0,V0,0.0,2.0,V1,374.4,0.0,2.5,V1,1844.2,824.0,10.5,1.0,V0,Yes,Yes,Yes
538,2012-08-15,12:00,16,T,Ho,10,-90,-100,-95,Russian corer,318.56,47.6,0.15,7.52,2.67,54.89,20.5,3.99,,5.5,,,,,,,,,,,,,,,,,3208.0,0.0,2.0,V1,996.8,0.0,1.0,V1,0.0,1.0,V1,0.0,1.0,V1,450.8,212.8,40.0,V0,139.7,0.0,1.0,V1,0.0,1.0,V1,0.0,10.0,V1,0.0,2.0,V1,406.8,0.0,2.5,V1,1633.4,380.4,11.9,1.0,V0,Yes,Yes,Yes
539,2012-08-15,12:00,16,T,Ho,11,-100,-125,-113,Russian corer,530.93,83.8,0.16,7.91,2.61,54.74,21.0,4.05,,5.8,,,,161969,-26.04,-395.1,0.6095,3975,4464,4410,4519,2.515,53.121,21.1,0.66,-25.98,3718.0,0.0,2.0,V1,1344.8,0.0,1.0,V1,0.0,1.0,V1,0.0,1.0,V1,639.8,249.2,40.0,V0,165.1,0.0,1.0,V1,0.0,1.0,V1,0.0,10.0,V1,0.0,2.0,V1,493.2,0.0,2.5,V1,1788.0,1760.0,16.4,1.0,V0,Yes,Yes,Yes
540,2012-08-15,12:00,16,T,Ho,12,-125,-150,-138,Russian corer,530.93,80.2,0.15,7.66,2.66,53.14,20.0,4.19,,8.5,,,,,,,,,,,,,,,,,2448.0,0.0,2.0,V1,844.8,0.0,1.0,V1,0.0,1.0,V1,0.0,1.0,V1,507.6,200.6,40.0,V0,141.6,0.0,1.0,V1,0.0,1.0,V1,0.0,10.0,V1,0.0,2.0,V1,341.4,0.0,2.5,V1,1030.0,239.8,11.4,1.0,V0,Yes,Yes,Yes
541,2012-08-15,12:00,16,T,Ho,13,-150,-175,-163,Russian corer,530.93,89.5,0.17,7.27,2.48,52.63,21.2,4.22,,9.5,,,,161970,-26.08,-481.6,0.5223,5215,5962,5917,5997,2.414,51.262,21.2,1.34,-26.22,4408.0,0.0,2.0,V1,1451.4,0.0,1.0,V1,0.0,1.0,V1,0.0,1.0,V1,944.4,346.6,40.0,V0,229.8,0.0,1.0,V1,0.0,1.0,V1,0.0,10.0,V1,0.0,2.0,V1,645.6,0.0,2.5,V1,1545.6,568.8,21.4,1.0,V0,Yes,Yes,Yes
542,2012-08-15,12:00,16,T,Ho,14,-175,-200,-188,Russian corer,530.93,79.6,0.15,7.93,2.63,52.62,20.0,4.39,,10.2,,,,,,,,,,,,,,,,,3978.0,0.0,2.0,V1,1550.4,0.0,1.0,V1,0.0,1.0,V1,0.0,1.0,V1,1079.0,291.8,40.0,V0,243.0,0.0,1.0,V1,0.0,1.0,V1,0.0,10.0,V1,0.0,2.0,V1,629.8,0.0,2.5,V1,1531.0,395.0,17.3,1.0,V0,Yes,Yes,Yes
543,2012-08-15,12:00,16,T,Ho,15,-200,-250,-225,Russian corer,530.93,124.4,0.23,4.85,1.85,36.28,19.7,4.52,,37.2,,,Mineral matter?,161971,-26.14,-568.7,0.4346,6695,7571,7510,7609,1.823,35.574,19.5,1.01,-26.16,17646.0,0.0,2.0,V1,2066.0,0.0,1.0,V1,16.2,1.0,V0,0.0,1.0,V1,5952.0,1592.8,40.0,V0,1841.4,40.7,1.0,V0,0.0,1.0,V1,57.2,10.0,V0,2.6,2.0,V0,928.8,0.0,2.5,V1,2496.0,472.6,24.8,1.0,V0,Yes,Yes,Yes
544,2012-08-15,12:00,17,T,Hu,1,25,20,23,Hole saw,684.06,29.1,0.04,6.96,,,,,,,,,,162546,-28.85,56.4,1.0645,,-56,-54,-58,0.95,45.22,47.4,-2.72,-28.83,,,,,,,,,,,,,,,,,,,,,,,,,,,,,,,,,,,,,,,,,No,Yes,Yes
545,2012-08-15,12:00,17,T,Hu,2,20,10,15,Hole saw,1368.11,61,0.04,7.64,1.22,46.56,38.1,3.5,,12,,,,162547,-27.52,101.7,1.1101,,-47,-45,-48,1.15,44.5,38.6,-0.03,-27.46,,,,,,,,,,,,,,,,,,,,,,,,,,,,,,,,,,,,,,,,,Yes,Yes,Yes
546,2012-08-15,12:00,17,T,Hu,3,10,0,5,Hole saw,1368.11,30.9,0.02,3.11,,,,,,,,,,162548,-25.53,324.4,1.3345,,-27,-26,-28,0.4,47.16,116.9,-1.32,-25.53,,,,,,,,,,,,,,,,,,,,,,,,,,,,,,,,,,,,,,,,,No,Yes,Yes
547,2012-08-15,12:00,17,T,Hu,4,0,-10,-5,Russian corer,318.56,31,0.1,8.94,,,,,,,,,,,,,,,,,,,,,,,,,,,,,,,,,,,,,,,,,,,,,,,,,,,,,,,,,,,,,,,No,Yes,Yes
548,2012-08-15,12:00,17,T,Hu,1,25,20,23,Hole saw,,,,,1.04,47.69,45.9,,,,,,,,,,,,,,,,,,,,967,9.4,4,V0,3321.7,0.0,1.6,V1,0.0,2.0,V1,15.0,3.0,V0,1203.0,2305.5,40.0,V0,880.7,291.7,1.0,V0,0.0,2.0,V1,70.2,40.0,V0,0.0,2.0,V1,770.1,0.0,4.0,V1,1123.5,-9999,33.4,1.0,V0,Yes,Yes,Yes
549,2012-08-15,12:00,17,T,Hu,2,20,10,15,Hole saw,,,,,1.19,45.68,38.6,,,,,,,,,,,,,,,,,,,,2112,6.5,4,V0,1765.3,0.0,1.6,V1,3.8,2.0,V0,7.8,3.0,V0,2808.3,968.6,40.0,V0,555.2,113.1,1.0,V0,0.0,2.0,V1,64.9,40.0,V0,2.8,2.0,V0,705.7,12.4,4.0,V0,1417.3,-9999,31.7,1.0,V0,Yes,Yes,Yes
550,2012-08-15,12:00,17,T,Hu,3,10,0,5,Hole saw,,,,,0.50,49.31,98.2,,,,,,,,,,,,,,,,,,,,675,6.0,4,V0,1282.7,0.0,1.6,V1,0.0,2.0,V1,9.1,3.0,V0,1780.2,989.1,40.0,V0,303.2,161.0,1.0,V0,0.0,2.0,V1,51.2,40.0,V0,0.0,2.0,V1,327.7,0.0,4.0,V1,504.2,-9999,26.9,1.0,V0,Yes,Yes,Yes
551,2012-08-15,12:00,17,T,Hu,4,0,-10,-5,Russian corer,,,,,1.51,46.01,30.5,,,,,,,,,,,,,,,,,,,,3254,7.1,4,V0,2293.0,0.0,1.6,V1,3.7,2.0,V0,6.7,3.0,V0,1377.5,350.9,40.0,V0,461.2,20.5,1.0,V0,0.0,2.0,V1,60.2,40.0,V0,3.0,2.0,V0,715.5,9.1,4.0,V0,1918.5,-9999,16.2,1.0,V0,Yes,Yes,Yes
552,2012-08-15,12:00,17,T,Hu,5,-10,-20,-15,Russian corer,318.56,53.9,0.17,5.03,1.38,49.19,35.7,3.91,,13.7,,,,,,,,,,,,,,,,,,,,,,,,,,,,,,,,,,,,,,,,,,,,,,,,,,,,,,,,,Yes,Yes,Yes
553,2012-08-15,12:00,17,T,Hu,6,-20,-30,-25,Russian corer,318.56,68.7,0.22,4.21,1.49,51.87,34.8,3.95,,11.5,,,,,,,,,,,,,,,,,,,,,,,,,,,,,,,,,,,,,,,,,,,,,,,,,,,,,,,,,Yes,Yes,Yes
554,2012-08-15,12:00,17,T,Hu,7,-30,-40,-35,Russian corer,318.56,67.5,0.21,4.79,2.04,54.71,26.8,3.94,,7.4,,,,,,,,,,,,,,,,,,,,,,,,,,,,,,,,,,,,,,,,,,,,,,,,,,,,,,,,,Yes,Yes,Yes
555,2012-08-15,12:00,17,T,Hu,8,-40,-50,-45,Russian corer,318.56,55.4,0.17,5.48,2.43,54.45,22.4,4.03,,7.9,,,,,,,,,,,,,,,,,,,,,,,,,,,,,,,,,,,,,,,,,,,,,,,,,,,,,,,,,Yes,Yes,Yes
556,2012-08-15,12:00,17,T,Hu,9,-50,-60,-55,Russian corer,318.56,67.5,0.21,5.86,2.45,53.64,21.9,3.86,,8.9,,,,,,,,,,,,,,,,,,,,,,,,,,,,,,,,,,,,,,,,,,,,,,,,,,,,,,,,,Yes,Yes,Yes
557,2012-08-15,12:00,17,T,Hu,10,-60,-70,-65,Russian corer,318.56,52.7,0.17,6.54,2.64,54.85,20.8,4.12,,6.7,,,,,,,,,,,,,,,,,,,,,,,,,,,,,,,,,,,,,,,,,,,,,,,,,,,,,,,,,Yes,Yes,Yes
558,2012-08-15,12:00,17,T,Hu,11,-70,-80,-75,Russian corer,318.56,49,0.15,7.61,2.73,54.27,19.9,4.15,,5.6,,,,,,,,,,,,,,,,,,,,,,,,,,,,,,,,,,,,,,,,,,,,,,,,,,,,,,,,,Yes,Yes,Yes
559,2012-08-15,12:00,17,T,Hu,12,-80,-90,-85,Russian corer,318.56,48.6,0.15,7.74,2.38,54.72,23.0,4.13,,5.4,,,,,,,,,,,,,,,,,,,,,,,,,,,,,,,,,,,,,,,,,,,,,,,,,,,,,,,,,Yes,Yes,Yes
560,2012-08-15,12:00,17,T,Hu,13,-90,-100,-95,Russian corer,318.56,47.7,0.15,7.41,2.5,55.18,22.1,4.18,,6.4,,,,,,,,,,,,,,,,,,,,,,,,,,,,,,,,,,,,,,,,,,,,,,,,,,,,,,,,,Yes,Yes,Yes
561,2012-08-15,12:00,17,T,Hu,14,-100,-125,-113,Russian corer,530.93,79.8,0.15,7.85,2.6,52.07,20.0,4.39,,11.8,,,,,,,,,,,,,,,,,,,,,,,,,,,,,,,,,,,,,,,,,,,,,,,,,,,,,,,,,Yes,Yes,Yes
562,2012-08-15,12:00,17,T,Hu,15,-125,-150,-138,Russian corer,530.93,83.6,0.16,7.5,2.56,52.59,20.6,4.37,,10.8,,,,,,,,,,,,,,,,,,,,,,,,,,,,,,,,,,,,,,,,,,,,,,,,,,,,,,,,,Yes,Yes,Yes
563,2012-08-15,12:00,17,T,Hu,16,-150,-175,-163,Russian corer,530.93,125.1,0.24,4.8,1.73,33.01,19.0,4.72,,43.4,,,Mineral matter?,,,,,,,,,,,,,,,,,,,,,,,,,,,,,,,,,,,,,,,,,,,,,,,,,,,,,,Yes,Yes,Yes
564,2012-08-15,12:00,17,T,Hu,17,-175,-200,-188,Russian corer,530.93,71,0.13,8.73,2.3,47.82,20.8,4.55,,18.2,,,,,,,,,,,,,,,,,,,,,,,,,,,,,,,,,,,,,,,,,,,,,,,,,,,,,,,,,Yes,Yes,Yes
565,2012-08-15,12:00,17,T,Ho,1,0,-10,-5,Hole saw,1368.11,62.2,0.05,9.13,1.2,49.53,41.3,3.71,,3.5,,,,161972,-28.53,103.2,1.1116,,-47,-45,-48,1.129,46.996,41.6,-2.15,-28.49,1411.2,0.0,2.0,V1,1895.0,0.0,1.0,V1,0.0,1.0,V1,0.0,1.0,V1,2146.0,796.4,40.0,V0,491.6,91.5,1.0,V0,0.0,1.0,V1,0.0,10.0,V1,0.0,2.0,V1,602.8,0.0,2.5,V1,1011.4,226.0,18.9,1.0,V0,Yes,Yes,Yes
566,2012-08-15,12:00,17,T,Ho,2,-10,-20,-15,Hole saw,1368.11,68.2,0.05,8.37,1.25,47.18,37.6,3.65,,8.9,,,,161973,-27.26,179.3,1.1883,,-37,-36,-38,1.226,46.757,38.1,-0.1,-27.21,2910.0,0.0,2.0,V1,2568.0,0.0,1.0,V1,0.0,1.0,V1,0.0,1.0,V1,2016.0,383.0,40.0,V0,515.6,36.1,1.0,V0,0.0,1.0,V1,0.0,10.0,V1,0.0,2.0,V1,600.4,0.0,2.5,V1,2016.0,327.2,17.8,1.0,V0,Yes,Yes,Yes
567,2012-08-15,12:00,17,T,Ho,3,-20,-30,-25,Hole saw,1368.11,101.2,0.07,6.75,1.44,49.97,34.7,3.79,,8.1,,,,161974,-26.6,-17,0.9905,75,12,13,12,1.344,48.849,36.4,1.44,-26.44,3306.0,0.0,2.0,V1,2860.0,0.0,1.0,V1,0.0,1.0,V1,0.0,1.0,V1,1731.0,535.0,40.0,V0,510.2,25.2,1.0,V0,0.0,1.0,V1,164.8,10.0,V0,0.0,2.0,V1,733.4,0.0,2.5,V1,2254.0,1823.8,14.5,1.0,V0,Yes,Yes,Yes
568,2012-08-15,12:00,17,T,Ho,4,-30,-40,-35,Russian corer,318.56,74.3,0.23,4.22,1.75,53.65,30.6,3.99,,9.1,,,,161975,-26.75,-245.8,0.76,2205,2231,2135,2325,1.716,52.817,30.8,0.1,-26.76,4872.0,0.0,2.0,V1,1729.8,0.0,1.0,V1,0.0,1.0,V1,0.0,1.0,V1,825.0,200.6,40.0,V0,259.6,2.3,1.0,V0,0.0,1.0,V1,36.1,10.0,V0,0.0,2.0,V1,490.8,0.0,2.5,V1,1917.4,5172.0,6.8,1.0,V0,Yes,Yes,Yes
569,2012-08-15,12:00,17,T,Ho,5,-40,-50,-45,Russian corer,318.56,61.4,0.19,5.06,2.37,54.14,22.9,3.95,,8,,,,161976,-26.2,-290,0.7154,2690,2786,2755,2845,2.291,53.094,23.2,-0.53,-26.33,3822.0,0.0,2.0,V1,1234.6,0.0,1.0,V1,0.0,1.0,V1,0.0,1.0,V1,577.2,243.2,40.0,V0,187.0,0.0,1.0,V1,0.0,1.0,V1,23.6,10.0,V0,0.0,2.0,V1,357.2,0.0,2.5,V1,1553.6,2122.0,3.8,1.0,V0,Yes,Yes,Yes
570,2012-08-15,12:00,17,T,Ho,6,-50,-60,-55,Russian corer,318.56,63.5,0.2,6.35,2.26,53.24,23.6,3.88,,8.5,,,,162790,-26.2,-260.2,0.745,2360,,,,2.18,51.47,23.6,-0.32,-26.32,4920.0,0.0,2.0,V1,1723.8,0.0,1.0,V1,0.0,1.0,V1,0.0,1.0,V1,853.8,334.4,40.0,V0,266.8,2.8,1.0,V0,0.0,1.0,V1,33.2,10.0,V0,0.0,2.0,V1,501.4,0.0,2.5,V1,2138.0,1898.4,5.6,1.0,V0,Yes,Yes,Yes
571,2012-08-15,12:00,17,T,Ho,7,-60,-70,-65,Russian corer,318.56,55.8,0.18,6.17,2.44,53.66,22.0,4.01,,8.7,,,,161977,-25.99,-327.8,0.6774,3130,3358,3252,3440,2.392,53.109,22.2,0.02,-26.05,5352.0,0.0,2.0,V1,1386.4,0.0,1.0,V1,0.0,1.0,V1,0.0,1.0,V1,665.8,285.8,40.0,V0,204.8,0.0,1.0,V1,0.0,1.0,V1,30.9,10.0,V0,0.0,2.0,V1,459.0,0.0,2.5,V1,2022.0,1099.2,9.3,1.0,V0,Yes,Yes,Yes
572,2012-08-15,12:00,17,T,Ho,8,-70,-80,-75,Russian corer,318.56,56.9,0.18,6.43,2.63,54.92,20.9,4.01,,6.4,,,,,,,,,,,,,,,,,4356.0,0.0,2.0,V1,1252.4,0.0,1.0,V1,0.0,1.0,V1,0.0,1.0,V1,572.4,225.0,40.0,V0,167.5,0.0,1.0,V1,0.0,1.0,V1,27.7,10.0,V0,0.0,2.0,V1,365.6,0.0,2.5,V1,1725.2,1491.0,8.3,1.0,V0,Yes,Yes,Yes
573,2012-08-15,12:00,17,T,Ho,9,-80,-90,-85,Russian corer,318.56,51.8,0.16,7.4,2.72,54.94,20.2,4.05,,5.3,,,,161978,-25.61,-385.1,0.6196,3845,4260,4154,4405,2.583,53.036,20.5,-0.23,-25.59,2758.0,0.0,2.0,V1,1143.4,0.0,1.0,V1,0.0,1.0,V1,0.0,1.0,V1,499.2,121.6,40.0,V0,121.0,0.0,1.0,V1,0.0,1.0,V1,27.7,10.0,V0,0.0,2.0,V1,326.0,0.0,2.5,V1,1373.6,1182.8,13.6,1.0,V0,Yes,Yes,Yes
574,2012-08-15,12:00,17,T,Ho,10,-90,-100,-95,Russian corer,318.56,42.1,0.13,8.14,2.51,54.67,21.7,4.01,,4.9,,,,,,,,,,,,,,,,,2800.0,0.0,2.0,V1,1705.4,0.0,1.0,V1,0.0,1.0,V1,0.0,1.0,V1,764.0,273.6,40.0,V0,192.2,0.0,1.0,V1,0.0,1.0,V1,34.2,10.0,V0,0.0,2.0,V1,495.6,0.0,2.5,V1,1518.6,793.8,17.6,1.0,V0,Yes,Yes,Yes
575,2012-08-15,12:00,17,T,Ho,11,-100,-125,-113,Russian corer,530.93,74.4,0.14,8.48,2.55,53.07,20.8,4.11,,8.1,,,,161979,-25.88,-342.9,0.6621,3310,3528,3464,3606,2.42,51.364,21.2,0.46,-25.9,3974.0,0.0,2.0,V1,2022.0,0.0,1.0,V1,0.0,1.0,V1,0.0,1.0,V1,1125.4,334.4,40.0,V0,282.0,4.3,1.0,V0,0.0,1.0,V1,36.9,10.0,V0,0.0,2.0,V1,604.4,0.0,2.5,V1,1925.2,1104.2,23.4,1.0,V0,Yes,Yes,Yes
576,2012-08-15,12:00,17,T,Ho,12,-125,-150,-138,Russian corer,530.93,82.3,0.16,7.46,2.49,52.02,20.9,4.34,,11.3,,,,,,,,,,,,,,,,,5514.0,0.0,2.0,V1,2174.0,0.0,1.0,V1,0.0,1.0,V1,0.0,1.0,V1,1917.8,468.0,40.0,V0,397.4,9.1,1.0,V0,0.0,1.0,V1,33.4,10.0,V0,0.0,2.0,V1,818.8,0.0,2.5,V1,1898.0,910.8,25.7,1.0,V0,Yes,Yes,Yes
577,2012-08-15,12:00,17,T,Ho,13,-150,-175,-163,Russian corer,530.93,91.1,0.17,7.39,2.61,52.58,20.1,4.36,,11.1,,,,161980,-26.2,-502.8,0.501,5555,6347,6299,6398,2.517,51.778,20.6,1.4,-26.18,5282.0,0.0,2.0,V1,2342.0,0.0,1.0,V1,0.0,1.0,V1,0.0,1.0,V1,1821.2,462.0,40.0,V0,375.6,9.6,1.0,V0,0.0,1.0,V1,33.2,10.0,V0,0.0,2.0,V1,859.4,0.0,2.5,V1,1999.8,532.8,27.4,1.0,V0,Yes,Yes,Yes
578,2012-08-15,12:00,17,T,Ho,14,-175,-200,-188,Russian corer,530.93,114.7,0.22,5.04,1.72,33.6,19.5,4.66,,43.4,,,Mineral matter?,,,,,,,,,,,,,,13198.0,0.0,2.0,V1,2258.0,0.0,1.0,V1,7.3,1.0,V0,0.0,1.0,V1,5262.0,766.0,40.0,V0,1953.8,46.1,1.0,V0,0.0,1.0,V1,54.2,10.0,V0,3.9,2.0,V0,944.6,0.0,2.5,V1,1859.8,873.0,31.9,1.0,V0,Yes,Yes,Yes
579,2012-08-15,12:00,17,T,Ho,15,-200,-239,-220,Russian corer,414.12,100.1,0.24,4.8,,,,4.66,,51.3,,,Mineral matter?,161981,-26.72,-497.6,0.5063,5470,6277,6197,6316,1.511,30.25,20,1.46,-26.75,12846.0,0.0,2.0,V1,1968.8,0.0,1.0,V1,10.8,1.0,V0,24.6,1.0,V0,5254.0,899.6,40.0,V0,1491.6,38.6,1.0,V0,0.0,1.0,V1,59.0,10.0,V0,0.0,2.0,V1,864.6,0.0,2.5,V1,1437.6,1099.8,34.9,1.0,V0,Yes,Yes,Yes
580,2012-08-15,12:00,19,T,Hu,1,24,20,22,Hole saw,547.24,23.8,0.04,2.33,,,,,,,,,,162549,-29.72,-45.2,0.9621,310,389,459,303,1.25,48.87,39.1,-2.49,-29.34,,,,,,,,,,,,,,,,,,,,,,,,,,,,,,,,,,,,,,,,,No,Yes,Yes
581,2012-08-15,12:00,19,T,Hu,2,20,10,15,Hole saw,1368.11,30.2,0.02,5.21,,,,,,,,,,162596,-28.04,40.3,1.0482,,-60,-58,-62,1.03,46.74,45.5,-2.17,-29.24,,,,,,,,,,,,,,,,,,,,,,,,,,,,,,,,,,,,,,,,,No,Yes,Yes
582,2012-08-15,12:00,19,T,Hu,3,10,0,5,Hole saw,1368.11,49.3,0.04,6.26,1.1,49.76,45.3,3.74,,3.9,,Large root in bag (298.5 g),,162597,-28.45,89.9,1.0982,,-49,-47,-50,1,47,46.8,-2.1,-28.45,,,,,,,,,,,,,,,,,,,,,,,,,,,,,,,,,,,,,,,,,Yes,Yes,Yes
583,2012-08-15,12:00,19,T,Hu,2,20,10,15,Hole saw,,,,,1.07,48.98,45.6,,,,,,,,,,,,,,,,,,,,1213,7.8,4,V0,3035.6,0.0,1.6,V1,0.0,2.0,V1,9.3,3.0,V0,866.3,1883.9,40.0,V0,728.4,189.8,1.0,V0,0.0,2.0,V1,55.5,40.0,V0,0.0,2.0,V1,795.5,0.0,4.0,V1,1017.0,-9999,34.9,1.0,V0,Yes,Yes,Yes
584,2012-08-15,12:00,19,T,Hu,3,10,0,5,Hole saw,,,,,1.05,48.97,46.5,,,,,,,,,,,,,,,,,,,,767,5.8,4,V0,2010.8,0.0,1.6,V1,2.5,2.0,V0,4.2,3.0,V0,2698.8,1297.0,40.0,V0,564.4,93.7,1.0,V0,0.0,2.0,V1,43.2,40.0,V0,0.0,2.0,V1,796.3,0.0,4.0,V1,1071.3,-9999,38.0,1.0,V0,Yes,Yes,Yes
585,2012-08-15,12:00,19,T,Hu,4,0,-10,-5,Russian corer,106.19,3.2,0.03,14.53,,,,,,,,,,,,,,,,,,,,,,,,,,,,,,,,,,,,,,,,,,,,,,,,,,,,,,,,,,,,,,,No,No,Yes
586,2012-08-15,12:00,19,T,Hu,5,-10,-20,-15,Russian corer,318.56,21.5,0.07,9.35,,,,,,,,,,,,,,,,,,,,,,,,,,,,,,,,,,,,,,,,,,,,,,,,,,,,,,,,,,,,,,,No,Yes,Yes
587,2012-08-15,12:00,19,T,Hu,6,-20,-30,-25,Russian corer,318.56,45.9,0.14,7.1,1.64,48.86,29.9,3.92,,10.8,,,,,,,,,,,,,,,,,,,,,,,,,,,,,,,,,,,,,,,,,,,,,,,,,,,,,,,,,Yes,Yes,Yes
588,2012-08-15,12:00,19,T,Hu,7,-30,-40,-35,Russian corer,318.56,76.5,0.24,4.06,1.34,48.24,36.0,3.98,,17.6,,,,,,,,,,,,,,,,,,,,,,,,,,,,,,,,,,,,,,,,,,,,,,,,,,,,,,,,,Yes,Yes,Yes
589,2012-08-15,12:00,19,T,Hu,8,-40,-50,-45,Russian corer,318.56,67.1,0.21,4.67,1.9,54.08,28.5,4.02,,8.1,,,,,,,,,,,,,,,,,,,,,,,,,,,,,,,,,,,,,,,,,,,,,,,,,,,,,,,,,Yes,Yes,Yes
590,2012-08-15,12:00,19,T,Hu,9,-50,-60,-55,Russian corer,318.56,67.5,0.21,5.74,2.33,53.75,23.1,4.03,,8.4,,,,,,,,,,,,,,,,,,,,,,,,,,,,,,,,,,,,,,,,,,,,,,,,,,,,,,,,,Yes,Yes,Yes
591,2012-08-15,12:00,19,T,Hu,10,-60,-70,-65,Russian corer,318.56,62.6,0.2,6.36,2.5,53.25,21.3,4.08,,9.1,,,,,,,,,,,,,,,,,,,,,,,,,,,,,,,,,,,,,,,,,,,,,,,,,,,,,,,,,Yes,Yes,Yes
592,2012-08-15,12:00,19,T,Hu,11,-70,-80,-75,Russian corer,318.56,59.2,0.19,6.99,2.56,54.57,21.3,4.18,,6.1,,,,,,,,,,,,,,,,,,,,,,,,,,,,,,,,,,,,,,,,,,,,,,,,,,,,,,,,,Yes,Yes,Yes
593,2012-08-15,12:00,19,T,Hu,12,-80,-90,-85,Russian corer,318.56,50,0.16,8.15,2.45,54.54,22.2,3.86,,5.3,,,,,,,,,,,,,,,,,,,,,,,,,,,,,,,,,,,,,,,,,,,,,,,,,,,,,,,,,Yes,Yes,Yes
594,2012-08-15,12:00,19,T,Hu,13,-90,-100,-95,Russian corer,318.56,42,0.13,8.23,2.51,54.82,21.9,4.24,,5.2,,,,,,,,,,,,,,,,,,,,,,,,,,,,,,,,,,,,,,,,,,,,,,,,,,,,,,,,,Yes,Yes,Yes
595,2012-08-15,12:00,19,T,Hu,14,-100,-125,-113,Russian corer,530.93,81.3,0.15,7.76,2.58,52.58,20.4,4.35,,9.3,,,,,,,,,,,,,,,,,,,,,,,,,,,,,,,,,,,,,,,,,,,,,,,,,,,,,,,,,Yes,Yes,Yes
596,2012-08-15,12:00,19,T,Hu,15,-125,-150,-138,Russian corer,530.93,85.7,0.16,7.48,2.4,51.48,21.4,4.59,,12.3,,,,,,,,,,,,,,,,,,,,,,,,,,,,,,,,,,,,,,,,,,,,,,,,,,,,,,,,,Yes,Yes,Yes
597,2012-08-15,12:00,19,T,Hu,16,-150,-175,-163,Russian corer,530.93,100.4,0.19,6.66,2.43,50.79,20.9,4.58,,13.9,,,,,,,,,,,,,,,,,,,,,,,,,,,,,,,,,,,,,,,,,,,,,,,,,,,,,,,,,Yes,Yes,Yes
598,2012-08-15,12:00,19,T,Hu,17,-175,-200,-188,Russian corer,530.93,181.7,0.34,3.15,1.62,30.13,18.6,5.15,,50.1,,,Mineral matter?,,,,,,,,,,,,,,,,,,,,,,,,,,,,,,,,,,,,,,,,,,,,,,,,,,,,,,Yes,Yes,Yes
599,2012-08-15,12:00,19,T,Ho,1,0,-10,-5,Hole saw,1368.11,50,0.04,10.14,1.27,49.47,38.9,3.75,,3.9,,,,162693,-29.06,73.7,1.0819,,-52,-50,-54,1.18,46.74,39.6,-2.46,-29.08,2102.0,0.0,2.0,V1,2576.0,0.0,1.0,V1,0.0,1.0,V1,0.0,1.0,V1,3290.0,1361.8,40.0,V0,703.8,50.4,1.0,V0,0.0,1.0,V1,34.8,10.0,V0,0.0,2.0,V1,931.8,6.7,2.5,V0,1469.6,532.2,37.9,1.0,V0,Yes,Yes,Yes
600,2012-08-15,12:00,19,T,Ho,2,-10,-20,-15,Hole saw,1368.11,70.2,0.05,8.32,1.07,48.76,45.4,3.78,,6.1,,,,162598,-26.87,304.1,1.3141,,-29,-28,-30,1.06,46.81,44.2,-1.18,-26.83,1595.8,0.0,2.0,V1,1942.0,0.0,1.0,V1,0.0,1.0,V1,0.0,1.0,V1,1540.4,369.4,40.0,V0,362.2,9.3,1.0,V0,0.0,1.0,V1,17.1,10.0,V0,0.0,2.0,V1,494.2,0.0,2.5,V1,1450.0,338.4,29.1,1.0,V0,Yes,Yes,Yes
601,2012-08-15,12:00,19,T,Ho,3,-20,-30,-25,Hole saw,1368.11,112.6,0.08,6.45,1.59,48.54,30.6,3.84,,10.4,,,,162599,-27.03,3.6,1.0113,,4,5,3,1.47,45.46,30.9,0.48,-26.86,2744.0,0.0,2.0,V1,2174.0,0.0,1.0,V1,0.0,1.0,V1,0.0,1.0,V1,1312.6,274.8,40.0,V0,380.0,8.8,1.0,V0,0.0,1.0,V1,21.6,10.0,V0,0.0,2.0,V1,601.0,0.0,2.5,V1,1821.6,501.8,20.4,1.0,V0,Yes,Yes,Yes
602,2012-08-15,12:00,19,T,Ho,4,-30,-40,-35,Russian corer,318.56,74.4,0.23,3.99,1.38,49.17,35.7,4.02,,16.7,,,,162600,-26.76,-138.9,0.8676,1140,1049,966,1174,1.3,47.13,36.4,4.74,-26.81,3720.0,0.0,2.0,V1,1365.8,0.0,1.0,V1,0.0,1.0,V1,0.0,1.0,V1,853.8,346.8,40.0,V0,262.0,0.0,1.0,V1,0.0,1.0,V1,50.2,10.0,V0,0.0,2.0,V1,450.2,0.0,2.5,V1,1321.4,6634.0,0.0,1.0,V1,Yes,Yes,Yes
603,2012-08-15,12:00,19,T,Ho,5,-40,-50,-45,Russian corer,318.56,73.4,0.23,3.95,1.48,51.35,34.7,3.95,,12.7,,,,162601,-26.68,-205.7,0.8004,1790,1714,1624,1814,1.47,49.64,33.7,2.05,-27.02,3704.0,0.0,2.0,V1,1470.6,0.0,1.0,V1,0.0,1.0,V1,0.0,1.0,V1,804.2,279.2,40.0,V0,237.2,0.0,1.0,V1,0.0,1.0,V1,16.2,10.0,V0,0.0,2.0,V1,437.0,0.0,2.5,V1,1411.8,2056.0,0.0,1.0,V1,Yes,Yes,Yes
604,2012-08-15,12:00,19,T,Ho,6,-50,-60,-55,Russian corer,318.56,74.7,0.23,5.42,2.04,54.33,26.6,3.93,,7.7,,,,162791,-26.9,-271.8,0.734,2485,,,,1.95,52.62,26.9,0.15,-26.84,4264.0,0.0,2.0,V1,1705.8,0.0,1.0,V1,0.0,1.0,V1,0.0,1.0,V1,814.6,220.8,40.0,V0,233.4,0.0,1.0,V1,0.0,1.0,V1,0.0,10.0,V1,0.0,2.0,V1,468.4,0.0,2.5,V1,1650.8,1025.6,0.0,1.0,V1,Yes,Yes,Yes
605,2012-08-15,12:00,19,T,Ho,7,-60,-70,-65,Russian corer,318.56,63.1,0.2,5.84,2.36,52.95,22.4,4.04,,9.9,,,,162602,-26.38,-305.9,0.6994,2870,2990,2889,3070,2.25,50.24,22.3,0.52,-26.46,4884.0,0.0,2.0,V1,1389.4,0.0,1.0,V1,0.0,1.0,V1,0.0,1.0,V1,739.2,292.8,40.0,V0,225.0,0.0,1.0,V1,0.0,1.0,V1,0.0,10.0,V1,0.0,2.0,V1,559.0,0.0,2.5,V1,1684.0,742.2,2.2,1.0,V0,Yes,Yes,Yes
606,2012-08-15,12:00,19,T,Ho,8,-70,-80,-75,Russian corer,318.56,56.9,0.18,7,2.45,53.9,22.0,4.11,,8.4,,,,,,,,,,,,,,,,,4214.0,0.0,2.0,V1,1298.4,0.0,1.0,V1,0.0,1.0,V1,0.0,1.0,V1,651.0,252.2,40.0,V0,193.5,0.0,1.0,V1,0.0,1.0,V1,0.0,10.0,V1,0.0,2.0,V1,503.8,0.0,2.5,V1,1560.2,552.6,3.2,1.0,V0,Yes,Yes,Yes
607,2012-08-15,12:00,19,T,Ho,9,-80,-90,-85,Russian corer,318.56,49.3,0.15,7.85,2.36,54.24,23.0,4.11,,6.9,,,,162603,-26.05,-350.1,0.6549,3400,3645,3580,3698,2.29,51.27,22.4,0.09,-26.09,3466.0,0.0,2.0,V1,1523.4,0.0,1.0,V1,15.9,1.0,V0,0.0,1.0,V1,842.6,288.2,40.0,V0,214.2,0.0,1.0,V1,0.0,1.0,V1,0.0,10.0,V1,0.0,2.0,V1,448.6,0.0,2.5,V1,1557.6,466.6,4.3,1.0,V0,Yes,Yes,Yes
608,2012-08-15,12:00,19,T,Ho,10,-90,-100,-95,Russian corer,318.56,43.6,0.14,8.24,2.41,54.45,22.6,4.12,,6,,,,,,,,,,,,,,,,,2324.0,0.0,2.0,V1,1442.6,0.0,1.0,V1,0.0,1.0,V1,0.0,1.0,V1,667.0,175.7,40.0,V0,172.9,0.0,1.0,V1,0.0,1.0,V1,18.6,10.0,V0,0.0,2.0,V1,416.2,0.0,2.5,V1,1189.4,292.2,4.6,1.0,V0,Yes,Yes,Yes
609,2012-08-15,12:00,19,T,Ho,11,-100,-125,-113,Russian corer,530.93,78.9,0.15,8.13,2.64,53.53,20.2,4.29,,8.6,,,,162604,-26.09,-402.3,0.6022,4075,4561,4444,4481,2.48,50.19,20.2,1.44,-26.13,3570.0,0.0,2.0,V1,2074.0,0.0,1.0,V1,0.0,1.0,V1,0.0,1.0,V1,1190.4,342.4,40.0,V0,290.0,0.0,1.0,V1,0.0,1.0,V1,0.0,10.0,V1,0.0,2.0,V1,622.2,0.0,2.5,V1,1523.0,474.6,5.3,1.0,V0,Yes,Yes,Yes
610,2012-08-15,12:00,19,T,Ho,12,-125,-150,-138,Russian corer,530.93,86.9,0.16,7.63,2.45,51.09,20.8,4.51,,12.5,,,,,,,,,,,,,,,,,4148.0,0.0,2.0,V1,1404.4,0.0,1.0,V1,0.0,1.0,V1,0.0,1.0,V1,1254.0,513.6,40.0,V0,381.0,0.0,1.0,V1,0.0,1.0,V1,17.6,10.0,V0,0.0,2.0,V1,449.2,0.0,2.5,V1,972.4,161.9,4.2,1.0,V0,Yes,Yes,Yes
611,2012-08-15,12:00,19,T,Ho,13,-150,-175,-163,Russian corer,530.93,100.5,0.19,6.82,2.47,52.74,21.3,4.66,,11.1,,,,162605,-26.94,-516.4,0.4873,5775,6581,6497,6645,2.37,50.34,21.2,2.15,-26.84,4334.0,0.0,2.0,V1,2968.0,0.0,1.0,V1,0.0,1.0,V1,0.0,1.0,V1,2082.0,387.4,40.0,V0,533.6,8.6,1.0,V0,0.0,1.0,V1,17.9,10.0,V0,0.0,2.0,V1,622.8,0.0,2.5,V1,1473.2,303.8,6.8,1.0,V0,Yes,Yes,Yes
612,2012-08-15,12:00,19,T,Ho,14,-175,-200,-188,Russian corer,530.93,180.5,0.34,3.29,1.57,29.55,18.8,4.96,,50.6,,,Mineral matter?,,,,,,,,,,,,,,16366.0,0.0,2.0,V1,3036.0,0.0,1.0,V1,19.3,1.0,V0,0.0,1.0,V1,5394.0,1058.6,40.0,V0,1523.4,33.8,1.0,V0,0.0,1.0,V1,65.8,10.0,V0,5.7,2.0,V0,936.8,0.0,2.5,V1,1403.2,1429.0,23.4,1.0,V0,Yes,Yes,Yes
613,2012-08-15,12:00,19,T,Ho,15,-200,-216,-208,Russian corer,169.9,56.5,0.33,3.31,,,,,,,,,,162606,-27.23,-578.8,0.4244,6885,7712,7666,7788,1.54,27.06,17.5,2.61,-27.31,13172.0,0.0,2.0,V1,2544.0,0.0,1.0,V1,13.9,1.0,V0,0.0,1.0,V1,4014.0,783.8,40.0,V0,1126.4,24.4,1.0,V0,0.0,1.0,V1,48.8,10.0,V0,3.2,2.0,V0,861.2,0.0,2.5,V1,1274.8,1030.8,18.2,1.0,V0,No,Yes,Yes
614,2012-08-15,12:00,19,T,Ho,16,-216,-250,-233,Russian corer,361.03,,,,,,,,,,,Mineral soil,,,,,,,,,,,,,,,7274.0,0.0,2.0,V1,1300.6,0.0,1.0,V1,13.9,1.0,V0,0.0,1.0,V1,4838.0,806.4,40.0,V0,1806.2,38.6,1.0,V0,0.0,1.0,V1,80.8,10.0,V0,3.0,2.0,V0,145.3,0.0,2.5,V1,248.4,1549.4,13.9,1.0,V0,No,No,Yes
615,2012-08-15,12:00,20,T,Hu,1,19,10,15,Hole saw,1231.3,36.1,0.03,6.77,,,,,,,,,,162607,-25.88,38,1.046,,-61,-59,-62,0.88,45.75,51.9,-3.01,-29.66,,,,,,,,,,,,,,,,,,,,,,,,,,,,,,,,,,,,,,,,,No,Yes,Yes
616,2012-08-15,12:00,20,T,Hu,2,10,0,5,Hole saw,1368.11,62.1,0.05,7.84,0.99,49.1,49.8,3.71,,1.4,,,,162608,-28.29,102.5,1.111,,-47,-45,-48,0.93,45.45,48.7,-1.4,-28.27,,,,,,,,,,,,,,,,,,,,,,,,,,,,,,,,,,,,,,,,,Yes,Yes,Yes
617,2012-08-15,12:00,20,T,Hu,3,0,-10,-5,Russian corer,212.37,9.3,0.04,10.75,,,,,,,,,,,,,,,,,,,,,,,,,,,,,,,,,,,,,,,,,,,,,,,,,,,,,,,,,,,,,,,No,Yes,Yes
618,2012-08-15,12:00,20,T,Hu,1,19,10,15,Hole saw,,,,,0.92,48.22,52.5,,,,,,,,,,,,,,,,,,,,567,7.6,4,V0,2772.3,0.0,1.6,V1,0.0,2.0,V1,9.2,3.0,V0,1299.1,2738.2,40.0,V0,792.3,215.8,1.0,V0,0.0,2.0,V1,54.7,40.0,V0,0.0,2.0,V1,716.7,0.0,4.0,V1,886.2,-9999,34.4,1.0,V0,Yes,Yes,Yes
619,2012-08-15,12:00,20,T,Hu,2,10,0,5,Hole saw,,,,,1.02,48.09,47.1,,,,,,,,,,,,,,,,,,,,978,11.4,4,V0,2542.4,0.0,1.6,V1,0.0,2.0,V1,6.2,3.0,V0,2710.8,1645.0,40.0,V0,618.0,127.7,1.0,V0,0.0,2.0,V1,93.0,40.0,V0,0.0,2.0,V1,879.9,10.5,4.0,V0,1303.2,-9999,31.3,1.0,V0,Yes,Yes,Yes
620,2012-08-15,12:00,20,T,Hu,3,0,-10,-5,Russian corer,,,,,1.09,47.54,43.7,,,,,,,,,,,,,,,,,,,,966,8.2,4,V0,2435.8,0.0,1.6,V1,0.0,2.0,V1,7.1,3.0,V0,2048.2,1501.0,40.0,V0,653.2,94.8,1.0,V0,0.0,2.0,V1,110.5,40.0,V0,0.0,2.0,V1,838.6,10.7,4.0,V0,1245.3,-9999,33.0,1.0,V0,Yes,Yes,Yes
621,2012-08-15,12:00,20,T,Hu,4,-10,-20,-15,Russian corer,318.56,19.1,0.06,11.41,,,,,,,,,,,,,,,,,,,,,,,,,,,,,,,,,,,,,,,,,,,,,,,,,,,,,,,,,,,,,,,No,Yes,Yes
622,2012-08-15,12:00,20,T,Hu,5,-20,-30,-25,Russian corer,318.56,34.5,0.11,8.92,,,,,,,,,,,,,,,,,,,,,,,,,,,,,,,,,,,,,,,,,,,,,,,,,,,,,,,,,,,,,,,No,Yes,Yes
623,2012-08-15,12:00,20,T,Hu,6,-30,-40,-35,Russian corer,318.56,54.6,0.17,5.59,1.35,49.94,37.1,3.85,,9.4,,,,,,,,,,,,,,,,,,,,,,,,,,,,,,,,,,,,,,,,,,,,,,,,,,,,,,,,,Yes,Yes,Yes
624,2012-08-15,12:00,20,T,Hu,7,-40,-50,-45,Russian corer,318.56,74.8,0.23,4.08,1.31,51.43,39.3,3.91,,10.6,,,,,,,,,,,,,,,,,,,,,,,,,,,,,,,,,,,,,,,,,,,,,,,,,,,,,,,,,Yes,Yes,Yes
625,2012-08-15,12:00,20,T,Hu,8,-50,-60,-55,Russian corer,318.56,59.8,0.19,6.07,2.09,53.85,25.8,3.9,,5.5,,,,,,,,,,,,,,,,,,,,,,,,,,,,,,,,,,,,,,,,,,,,,,,,,,,,,,,,,Yes,Yes,Yes
626,2012-08-15,12:00,20,T,Hu,9,-60,-70,-65,Russian corer,318.56,56.8,0.18,6.62,2.58,53.05,20.6,3.94,,8.1,,,,,,,,,,,,,,,,,,,,,,,,,,,,,,,,,,,,,,,,,,,,,,,,,,,,,,,,,Yes,Yes,Yes
627,2012-08-15,12:00,20,T,Hu,10,-70,-80,-75,Russian corer,318.56,57.3,0.18,6.91,2.59,52.81,20.4,4.09,,9.2,,,,,,,,,,,,,,,,,,,,,,,,,,,,,,,,,,,,,,,,,,,,,,,,,,,,,,,,,Yes,Yes,Yes
628,2012-08-15,12:00,20,T,Hu,11,-80,-90,-85,Russian corer,318.56,52.8,0.17,7.47,2.24,54.46,24.3,4.1,,5.9,,,,,,,,,,,,,,,,,,,,,,,,,,,,,,,,,,,,,,,,,,,,,,,,,,,,,,,,,Yes,Yes,Yes
629,2012-08-15,12:00,20,T,Hu,12,-90,-100,-95,Russian corer,318.56,44.1,0.14,8.89,2.4,54.25,22.6,4.11,,4.6,,,,,,,,,,,,,,,,,,,,,,,,,,,,,,,,,,,,,,,,,,,,,,,,,,,,,,,,,Yes,Yes,Yes
630,2012-08-15,12:00,20,T,Hu,13,-100,-125,-113,Russian corer,530.93,68.4,0.13,9.1,2.64,53.78,20.3,4.26,,5.8,,,,,,,,,,,,,,,,,,,,,,,,,,,,,,,,,,,,,,,,,,,,,,,,,,,,,,,,,Yes,Yes,Yes
631,2012-08-15,12:00,20,T,Hu,14,-125,-150,-138,Russian corer,530.93,80.6,0.15,8.1,2.6,52.87,20.3,4.48,,9,,,,,,,,,,,,,,,,,,,,,,,,,,,,,,,,,,,,,,,,,,,,,,,,,,,,,,,,,Yes,Yes,Yes
632,2012-08-15,12:00,20,T,Hu,15,-150,-175,-163,Russian corer,530.93,67.8,0.13,9.23,2.48,50.6,20.4,4.78,,12.6,,,,,,,,,,,,,,,,,,,,,,,,,,,,,,,,,,,,,,,,,,,,,,,,,,,,,,,,,Yes,Yes,Yes
633,2012-08-15,12:00,20,T,Hu,16,-175,-200,-188,Russian corer,530.93,66,0.12,9.57,2.49,52.32,21.0,4.84,,10.4,,,,,,,,,,,,,,,,,,,,,,,,,,,,,,,,,,,,,,,,,,,,,,,,,,,,,,,,,Yes,Yes,Yes
634,2012-08-15,12:00,20,T,Ho,1,0,-10,-5,Hole saw,1368.11,44.3,0.03,10.44,1.1,48.65,44.1,3.53,,3.5,,,,161982,-29.35,19.7,1.0275,,2,3,1,1.014,45.697,45.1,-3.03,-29.38,1712.0,0.0,2.0,V1,2030.0,0.0,1.0,V1,0.0,1.0,V1,0.0,1.0,V1,2848.0,1288.2,40.0,V0,592.2,41.0,1.0,V0,0.0,1.0,V1,68.2,10.0,V0,0.0,2.0,V1,652.2,0.0,2.5,V1,1054.0,509.2,36.3,1.0,V0,Yes,Yes,Yes
635,2012-08-15,12:00,20,T,Ho,2,-10,-20,-15,Hole saw,1368.11,60,0.04,8.44,1.19,48.49,40.8,3.57,,5.3,,,,161983,-27.7,162.1,1.171,,-38,-37,-40,1.272,46.746,36.8,-1.19,-27.98,1807.4,0.0,2.0,V1,1737.8,0.0,1.0,V1,0.0,1.0,V1,0.0,1.0,V1,2002.0,405.4,40.0,V0,432.4,7.8,1.0,V0,0.0,1.0,V1,54.4,10.0,V0,0.0,2.0,V1,629.4,0.0,2.5,V1,1397.0,561.0,12.9,1.0,V0,Yes,Yes,Yes
636,2012-08-15,12:00,20,T,Ho,3,-20,-30,-25,Hole saw,1368.11,85.1,0.06,6.52,1.2,46.15,38.6,3.71,,11.7,,,,161957,-27.18,79.1,1.0873,,-4,-3,-6,1.143,45.232,39.6,0.26,-27.21,2870.0,0.0,2.0,V1,1693.6,0.0,1.0,V1,0.0,1.0,V1,0.0,1.0,V1,1477.8,414.4,40.0,V0,378.4,4.2,1.0,V0,0.0,1.0,V1,59.2,10.0,V0,0.0,2.0,V1,463.8,0.0,2.5,V1,1626.2,316.8,8.7,1.0,V0,Yes,Yes,Yes
637,2012-08-15,12:00,20,T,Ho,4,-30,-40,-35,Russian corer,318.56,76.2,0.24,4.21,1.39,48.42,35.0,3.86,,14.6,,,,161958,-26.47,-132.6,0.8741,1080,988,932,1057,1.363,48.299,35.4,3.59,-26.54,2596.0,0.0,2.0,V1,868.4,0.0,1.0,V1,0.0,1.0,V1,0.0,1.0,V1,565.4,211.8,40.0,V0,179.3,0.0,1.0,V1,0.0,1.0,V1,59.9,10.0,V0,0.0,2.0,V1,317.4,0.0,2.5,V1,997.8,2688.0,0.0,1.0,V1,Yes,Yes,Yes
638,2012-08-15,12:00,20,T,Ho,5,-40,-50,-45,Russian corer,318.56,73,0.23,4.05,1.44,50.78,35.3,3.91,,11.6,,,,161996,-26.51,-196.9,0.8092,1700,1600,1548,1694,1.391,49.78,35.8,1.57,-26.61,3744.0,0.0,2.0,V1,1112.8,0.0,1.0,V1,0.0,1.0,V1,0.0,1.0,V1,593.6,265.8,40.0,V0,207.6,0.0,1.0,V1,0.0,1.0,V1,47.8,10.0,V0,0.0,2.0,V1,385.4,0.0,2.5,V1,1329.2,4700.0,0.0,1.0,V1,Yes,Yes,Yes
639,2012-08-15,12:00,20,T,Ho,6,-50,-60,-55,Russian corer,318.56,66.2,0.21,6.17,1.87,53.5,28.6,3.86,,6.9,,,,162792,-26.6,-242.8,0.763,2175,2230,2071,2309,1.81,52.44,28.9,-0.1,-26.7,2226.0,0.0,2.0,V1,734.6,0.0,1.0,V1,0.0,1.0,V1,0.0,1.0,V1,337.8,130.6,40.0,V0,121.7,0.0,1.0,V1,0.0,1.0,V1,25.8,10.0,V0,0.0,2.0,V1,237.0,0.0,2.5,V1,989.6,1500.2,0.0,1.0,V1,Yes,Yes,Yes
640,2012-08-15,12:00,20,T,Ho,7,-60,-70,-65,Russian corer,318.56,61.5,0.19,6.26,2.34,54.6,23.3,3.91,,4.9,,,,161959,-26.05,-294.5,0.7108,2740,2825,2772,2879,2.322,54.506,23.5,-0.22,-26.17,3124.0,0.0,2.0,V1,974.4,0.0,1.0,V1,0.0,1.0,V1,0.0,1.0,V1,414.8,162.2,40.0,V0,141.0,0.0,1.0,V1,0.0,1.0,V1,20.6,10.0,V0,0.0,2.0,V1,407.6,0.0,2.5,V1,1487.8,619.0,2.1,1.0,V0,Yes,Yes,Yes
641,2012-08-15,12:00,20,T,Ho,8,-70,-80,-75,Russian corer,318.56,58.2,0.18,6.77,2.64,52.56,19.9,4.06,,8.7,,,,,,,,,,,,,,,,,4152.0,0.0,2.0,V1,781.8,0.0,1.0,V1,0.0,1.0,V1,0.0,1.0,V1,508.2,432.4,40.0,V0,182.3,0.0,1.0,V1,0.0,1.0,V1,0.0,10.0,V1,0.0,2.0,V1,497.2,0.0,2.5,V1,1514.2,426.0,3.4,1.0,V0,Yes,Yes,Yes
642,2012-08-15,12:00,20,T,Ho,9,-80,-90,-85,Russian corer,318.56,55.4,0.17,6.93,2.68,53.18,19.9,4.09,,8.1,,,,161960,-25.85,-351.3,0.6537,3415,3664,3588,3810,2.576,50.789,19.7,0.33,-25.92,3512.0,11.7,2.0,V0,1525.0,0.0,1.0,V1,3.0,1.0,V0,0.0,1.0,V1,743.8,155.4,40.0,V0,145.9,4.8,1.0,V0,4.1,1.0,V0,30.9,10.0,V0,3.4,2.0,V0,399.6,0.0,2.5,V1,1265.8,473.2,1.7,1.0,V0,Yes,Yes,Yes
643,2012-08-15,12:00,20,T,Ho,10,-90,-100,-95,Russian corer,318.56,48.1,0.15,7.39,2.44,53.62,21.9,4.15,,6.8,,,,,,,,,,,,,,,,,3968.0,6.9,2.0,V0,1081.4,0.0,1.0,V1,2.4,1.0,V0,0.0,1.0,V1,740.2,215.2,40.0,V0,156.0,4.9,1.0,V0,1.1,1.0,V0,23.8,10.0,V0,3.2,2.0,V0,423.6,0.0,2.5,V1,1333.4,433.0,1.9,1.0,V0,Yes,Yes,Yes
644,2012-08-15,12:00,20,T,Ho,11,-100,-125,-113,Russian corer,530.93,68.9,0.13,9.46,2.43,53.57,22.0,4.27,,5.3,,,,161997,-25.47,-372.1,0.6327,3675,4021,3924,4088,2.44,52.268,21.4,0.64,-25.52,2270.0,4.7,2.0,V0,1649.2,0.0,1.0,V1,1.2,1.0,V0,0.0,1.0,V1,726.2,135.0,40.0,V0,151.3,4.0,1.0,V0,1.6,1.0,V0,26.6,10.0,V0,2.3,2.0,V0,451.6,0.0,2.5,V1,1216.4,730.8,4.2,1.0,V0,Yes,Yes,Yes
645,2012-08-15,12:00,20,T,Ho,12,-125,-150,-138,Russian corer,530.93,76.7,0.14,8.29,2.67,53.12,19.9,4.45,,7.2,,,,,,,,,,,,,,,,,2802.0,7.8,2.0,V0,2658.0,0.0,1.0,V1,1.9,1.0,V0,0.0,1.0,V1,1193.8,216.6,40.0,V0,225.4,5.8,1.0,V0,1.3,1.0,V0,25.3,10.0,V0,3.4,2.0,V0,510.2,0.0,2.5,V1,1277.2,331.4,3.6,1.0,V0,Yes,Yes,Yes
646,2012-08-15,12:00,20,T,Ho,13,-150,-175,-163,Russian corer,530.93,80,0.15,8.28,2.51,50.15,20.0,4.75,,13.2,,,,161998,-26.11,-479.4,0.5246,5185,5938,5909,5990,2.513,50.005,19.9,2,-26.19,4790.0,8.6,2.0,V0,2970.0,0.0,1.0,V1,3.6,1.0,V0,0.0,1.0,V1,1846.0,498.0,40.0,V0,447.2,9.3,1.0,V0,1.2,1.0,V0,27.9,10.0,V0,3.0,2.0,V0,662.6,0.0,2.5,V1,1329.6,335.0,3.2,1.0,V0,Yes,Yes,Yes
647,2012-08-15,12:00,20,T,Ho,14,-175,-200,-188,Russian corer,530.93,76.1,0.14,8.14,2.42,51.85,21.4,4.87,,11.6,,,,,,,,,,,,,,,,,4266.0,10.1,2.0,V0,4082.0,0.0,1.0,V1,3.4,1.0,V0,2.6,1.0,V0,2032.0,383.4,40.0,V0,460.2,10.4,1.0,V0,0.0,1.0,V1,28.8,10.0,V0,3.4,2.0,V0,681.0,0.0,2.5,V1,1523.6,480.8,1.1,1.0,V0,Yes,Yes,Yes
648,2012-08-15,12:00,20,T,Ho,15,-200,-250,-225,Russian corer,530.93,98.5,0.19,6.39,2.43,46.08,19.0,5.09,,21,,,Mineral matter?,162008,-26.92,-575.2,0.4281,6815,7648,7606,7686,2.389,45.293,19,2.09,-26.78,7214.0,6.1,2.0,V0,5984.0,0.0,1.0,V1,9.8,1.0,V0,5.6,1.0,V0,3076.0,535.0,40.0,V0,721.0,16.9,1.0,V0,0.0,1.0,V1,45.5,10.0,V0,6.3,2.0,V0,852.8,0.0,2.5,V1,2314.0,1054.8,5.3,1.0,V0,Yes,Yes,Yes
649,2012-08-15,12:00,20,T,Ho,16,-250,-300,-275,Russian corer,530.93,96.1,0.18,6.57,2.58,50.59,19.6,5.17,,13.7,,,,,,,,,,,,,,,,,6234.0,12.4,2.0,V0,6892.0,0.0,1.0,V1,6.2,1.0,V0,1.4,1.0,V0,3234.0,591.0,40.0,V0,816.0,20.2,1.0,V0,0.0,1.0,V1,41.2,10.0,V0,4.6,2.0,V0,648.6,0.0,2.5,V1,2394.0,414.8,3.0,1.0,V0,Yes,Yes,Yes
650,2012-08-15,12:00,21,T,Hu,1,20,10,15,Hole saw,1368.11,41.5,0.03,9.09,0.97,48.58,50.3,3.78,,2.9,,,,162609,-28.87,41.8,1.0497,,-60,-57,-61,0.86,46.41,53.9,-1.92,-29.03,,,,,,,,,,,,,,,,,,,,,,,,,,,,,,,,,,,,,,,,,Yes,Yes,Yes
651,2012-08-15,12:00,21,T,Hu,2,10,0,5,Hole saw,1368.11,52.2,0.04,10.59,1.17,48.51,41.3,3.71,,4.4,,,,162610,-27.95,108.9,1.1174,,-46,-44,-46,1.01,45.86,45.6,-0.75,-28.02,,,,,,,,,,,,,,,,,,,,,,,,,,,,,,,,,,,,,,,,,Yes,Yes,Yes
652,2012-08-15,12:00,21,T,Hu,1,20,10,15,Hole saw,,,,,0.96,47.93,49.8,,,,,,,,,,,,,,,,,,,,568,6.0,4,V0,2665.9,0.0,1.6,V1,0.0,2.0,V1,4.4,3.0,V0,2078.6,2308.0,40.0,V0,714.6,121.5,1.0,V0,0.0,2.0,V1,74.4,40.0,V0,0.0,2.0,V1,836.8,0.0,4.0,V1,1083.6,-9999,41.0,1.0,V0,Yes,Yes,Yes
653,2012-08-15,12:00,21,T,Hu,2,10,0,5,Hole saw,,,,,1.12,47.68,42.6,,,,,,,,,,,,,,,,,,,,1121,6.5,4,V0,2711.1,0.0,1.6,V1,0.0,2.0,V1,4.5,3.0,V0,2979.5,2736.9,40.0,V0,720.2,70.5,1.0,V0,0.0,2.0,V1,54.2,40.0,V0,0.0,2.0,V1,1026.4,11.3,4.0,V0,1367.4,-9999,38.2,1.0,V0,Yes,Yes,Yes
654,2012-08-15,12:00,21,T,Hu,3,0,-10,-5,Russian corer,,,,,,,,,,,,No peat at this depth,,,,,,,,,,,,,,,,,,,,,,,,,,,,,,,,,,,,,,,,,,,,,,,,,,,,,,,No,No,No
655,2012-08-15,12:00,21,T,Hu,4,-10,-20,-15,Russian corer,318.56,21.5,0.07,10.9,,,,,,,,,,,,,,,,,,,,,,,,,,,,,,,,,,,,,,,,,,,,,,,,,,,,,,,,,,,,,,,No,Yes,Yes
656,2012-08-15,12:00,21,T,Hu,5,-20,-30,-25,Russian corer,318.56,32.8,0.1,9.06,,,,,,,,,,,,,,,,,,,,,,,,,,,,,,,,,,,,,,,,,,,,,,,,,,,,,,,,,,,,,,,No,Yes,Yes
657,2012-08-15,12:00,21,T,Hu,6,-30,-40,-35,Russian corer,318.56,52.8,0.17,6.46,1.71,50.12,29.3,3.87,,7.2,,,,,,,,,,,,,,,,,,,,,,,,,,,,,,,,,,,,,,,,,,,,,,,,,,,,,,,,,Yes,Yes,Yes
658,2012-08-15,12:00,21,T,Hu,7,-40,-50,-45,Russian corer,318.56,66.7,0.21,4.69,1.54,50.57,32.8,3.88,,11.2,,,,,,,,,,,,,,,,,,,,,,,,,,,,,,,,,,,,,,,,,,,,,,,,,,,,,,,,,Yes,Yes,Yes
659,2012-08-15,12:00,21,T,Hu,8,-50,-60,-55,Russian corer,318.56,95.5,0.3,4.07,1.81,52.53,29.0,3.9,,10.2,,,,,,,,,,,,,,,,,,,,,,,,,,,,,,,,,,,,,,,,,,,,,,,,,,,,,,,,,Yes,Yes,Yes
660,2012-08-15,12:00,21,T,Hu,9,-60,-70,-65,Russian corer,318.56,79,0.25,4.79,2.49,53.76,21.6,3.97,,7.5,,,,,,,,,,,,,,,,,,,,,,,,,,,,,,,,,,,,,,,,,,,,,,,,,,,,,,,,,Yes,Yes,Yes
661,2012-08-15,12:00,21,T,Hu,10,-70,-80,-75,Russian corer,318.56,73,0.23,5.35,2.62,52.3,20.0,4.04,,10.4,,,,,,,,,,,,,,,,,,,,,,,,,,,,,,,,,,,,,,,,,,,,,,,,,,,,,,,,,Yes,Yes,Yes
662,2012-08-15,12:00,21,T,Hu,11,-80,-90,-85,Russian corer,318.56,56.3,0.18,6.6,2.36,54.81,23.2,4.07,,6,,,,,,,,,,,,,,,,,,,,,,,,,,,,,,,,,,,,,,,,,,,,,,,,,,,,,,,,,Yes,Yes,Yes
663,2012-08-15,12:00,21,T,Hu,12,-90,-100,-95,Russian corer,318.56,46.5,0.15,7.19,2.31,55.46,24.1,3.97,,4.5,,,,,,,,,,,,,,,,,,,,,,,,,,,,,,,,,,,,,,,,,,,,,,,,,,,,,,,,,Yes,Yes,Yes
664,2012-08-15,12:00,21,T,Hu,13,-100,-125,-113,Russian corer,530.93,81.7,0.15,7.8,2.51,54.48,21.7,4.2,,5.7,,,,,,,,,,,,,,,,,,,,,,,,,,,,,,,,,,,,,,,,,,,,,,,,,,,,,,,,,Yes,Yes,Yes
665,2012-08-15,12:00,21,T,Hu,14,-125,-150,-138,Russian corer,530.93,84.6,0.16,7.5,2.58,51.56,20.0,4.33,,11,,,,,,,,,,,,,,,,,,,,,,,,,,,,,,,,,,,,,,,,,,,,,,,,,,,,,,,,,Yes,Yes,Yes
666,2012-08-15,12:00,21,T,Hu,15,-150,-175,-163,Russian corer,530.93,90.4,0.17,6.95,2.51,51.55,20.5,4.46,,8.7,,,,,,,,,,,,,,,,,,,,,,,,,,,,,,,,,,,,,,,,,,,,,,,,,,,,,,,,,Yes,Yes,Yes
667,2012-08-15,12:00,21,T,Hu,16,-175,-200,-188,Russian corer,530.93,119.3,0.22,4.92,1.71,33.91,19.9,4.71,,42.4,,,Mineral matter?,,,,,,,,,,,,,,,,,,,,,,,,,,,,,,,,,,,,,,,,,,,,,,,,,,,,,,Yes,Yes,Yes
668,2012-08-15,12:00,21,T,Ho,1,0,-10,-5,Hole saw,1368.11,23.9,0.02,11.68,,,,,,,,,,162000,-29.33,41.3,1.0493,,-60,-58,-62,0.904,45.527,50.4,-3.25,-29.3,650.4,11.3,2.0,V0,1967.6,0.0,1.0,V1,0.0,1.0,V1,3.7,1.0,V0,1549.2,2210.0,40.0,V0,481.6,98.4,1.0,V0,0.0,1.0,V1,86.0,10.0,V0,0.0,2.0,V1,598.2,6.6,2.5,V0,693.6,300.2,16.2,1.0,V0,No,Yes,Yes
669,2012-08-15,12:00,21,T,Ho,2,-10,-20,-15,Hole saw,1368.11,34.6,0.03,12.07,1.03,48.61,47.1,3.8,,3.2,,,,162001,-28.83,81.4,1.0896,,-51,-49,-52,1.035,47.176,45.6,-2.48,-28.91,787.6,20.2,2.0,V0,1796.2,0.0,1.0,V1,0.0,1.0,V1,1.5,1.0,V0,2198.0,876.4,40.0,V0,445.0,43.5,1.0,V0,0.0,1.0,V1,55.2,10.0,V0,0.0,2.0,V1,596.2,9.4,2.5,V0,873.0,495.8,16.1,1.0,V0,Yes,Yes,Yes
670,2012-08-15,12:00,21,T,Ho,3,-20,-30,-25,Hole saw,1368.11,69.7,0.05,6.58,0.6,51.38,85.2,3.84,,2.1,,,Woody debris,162002,-25.74,265.3,1.275,,-31,-30,-32,0.626,49.635,79.2,-1.33,-25.79,420.6,5.4,2.0,V0,690.0,0.0,1.0,V1,0.0,1.0,V1,1.1,1.0,V0,692.2,160.5,40.0,V0,165.3,17.7,1.0,V0,0.0,1.0,V1,26.6,10.0,V0,0.0,2.0,V1,208.6,6.2,2.5,V0,423.2,674.0,5.6,1.0,V0,Yes,Yes,Yes
671,2012-08-15,12:00,21,T,Ho,4,-30,-40,-35,Russian corer,318.56,29,0.09,11.53,,,,,,,,,,162003,-26.84,91.9,1.1002,,7,7,6,1.33,47.62,35.7,1.2,-26.64,1850.8,11.9,2.0,V0,1938.6,0.0,1.0,V1,1.7,1.0,V0,1.6,1.0,V0,1271.2,247.2,40.0,V0,343.8,40.7,1.0,V0,0.0,1.0,V1,46.6,10.0,V0,0.0,2.0,V1,419.4,10.9,2.5,V0,1653.0,389.0,11.6,1.0,V0,No,Yes,Yes
672,2012-08-15,12:00,21,T,Ho,5,-40,-50,-45,Russian corer,318.56,46.4,0.15,6.88,1.5,49.48,33.0,3.96,,9.8,,,,162004,-26.15,-39,0.9683,260,303,323,280,1.51,45.52,30.2,4.15,-25.97,2982.0,7.5,2.0,V0,2018.0,0.0,1.0,V1,1.3,1.0,V0,0.0,1.0,V1,1120.8,163.1,40.0,V0,343.2,20.2,1.0,V0,0.0,1.0,V1,40.6,10.0,V0,0.0,2.0,V1,540.2,0.0,2.5,V1,1684.6,1201.2,2.4,1.0,V0,Yes,Yes,Yes
673,2012-08-15,12:00,21,T,Ho,6,-50,-60,-55,Russian corer,318.56,53.6,0.17,7.31,1.43,50.43,35.3,3.9,,9.9,,,,162793,-26.4,-8.9,0.999,,,,,1.32,48.19,36.5,2.32,-26.36,2726.0,5.0,2.0,V0,1843.8,0.0,1.0,V1,2.6,1.0,V0,0.0,1.0,V1,1106.2,174.5,40.0,V0,320.6,25.7,1.0,V0,0.0,1.0,V1,45.2,10.0,V0,0.0,2.0,V1,465.2,0.0,2.5,V1,1605.6,1197.2,4.5,1.0,V0,Yes,Yes,Yes
674,2012-08-15,12:00,21,T,Ho,7,-60,-70,-65,Russian corer,318.56,73.1,0.23,4.76,1.95,52.88,27.1,4.03,,8.1,,,,162005,-26.23,-237.6,0.7683,2115,2087,2003,2149,2.04,50.19,24.6,0.45,-26.48,2796.0,2.1,2.0,V0,1214.2,0.0,1.0,V1,1.2,1.0,V0,0.0,1.0,V1,631.6,123.6,40.0,V0,208.2,9.3,1.0,V0,0.0,1.0,V1,34.9,10.0,V0,2.2,2.0,V0,301.4,0.0,2.5,V1,1152.6,1708.4,0.0,1.0,V1,Yes,Yes,Yes
675,2012-08-15,12:00,21,T,Ho,8,-70,-80,-75,Russian corer,318.56,64,0.2,5.57,2.68,51.97,19.4,4.05,,8.8,,,,,,,,,,,,,,,,,3692.0,7.4,2.0,V0,1160.6,0.0,1.0,V1,4.1,1.0,V0,0.0,1.0,V1,617.0,231.8,40.0,V0,208.8,7.2,1.0,V0,0.0,1.0,V1,31.7,10.0,V0,3.4,2.0,V0,409.4,0.0,2.5,V1,1446.4,504.2,0.0,1.0,V1,Yes,Yes,Yes
676,2012-08-15,12:00,21,T,Ho,9,-80,-90,-85,Russian corer,318.56,61.9,0.19,6.01,2.74,51.52,18.8,4.11,,9.8,,,,162006,-26.19,-339.3,0.6657,3270,3502,3409,3571,2.53,47.52,18.8,0.86,-25.95,4560.0,4.9,2.0,V0,932.0,0.0,1.0,V1,3.8,1.0,V0,0.0,1.0,V1,633.0,459.8,40.0,V0,240.6,6.1,1.0,V0,0.0,1.0,V1,37.9,10.0,V0,3.1,2.0,V0,342.0,0.0,2.5,V1,1316.2,245.8,0.0,1.0,V1,Yes,Yes,Yes
677,2012-08-15,12:00,21,T,Ho,10,-90,-100,-95,Russian corer,318.56,45.4,0.14,7.02,2.52,54.7,21.7,4.08,,5.7,,,,,,,,,,,,,,,,,3530.0,7.0,2.0,V0,1082.6,0.0,1.0,V1,2.2,1.0,V0,3.7,1.0,V0,504.2,133.8,40.0,V0,156.0,4.8,1.0,V0,0.0,1.0,V1,35.5,10.0,V0,2.5,2.0,V0,340.4,0.0,2.5,V1,1440.6,365.2,2.6,1.0,V0,Yes,Yes,Yes
678,2012-08-15,12:00,21,T,Ho,11,-100,-125,-113,Russian corer,530.93,77.3,0.15,8.51,2.35,54.5,23.2,4.19,,5,,,,162009,-26.21,-385.9,0.6188,3855,4279,4158,4407,2.2,51.17,23.2,0.33,-26.12,2650.0,3.3,2.0,V0,1270.6,0.0,1.0,V1,0.0,1.0,V1,0.0,1.0,V1,595.6,114.6,40.0,V0,157.6,5.1,1.0,V0,0.0,1.0,V1,36.3,10.0,V0,0.0,2.0,V1,399.8,0.0,2.5,V1,1286.4,453.4,3.0,1.0,V0,Yes,Yes,Yes
679,2012-08-15,12:00,21,T,Ho,12,-125,-150,-138,Russian corer,530.93,73.1,0.14,8.88,2.57,54.13,21.1,4.29,,5.2,,,,,,,,,,,,,,,,,1942.8,7.5,2.0,V0,1095.8,0.0,1.0,V1,1.6,1.0,V0,1.4,1.0,V0,605.4,119.7,40.0,V0,147.7,5.0,1.0,V0,0.0,1.0,V1,37.2,10.0,V0,2.4,2.0,V0,357.6,0.0,2.5,V1,1091.4,473.8,2.7,1.0,V0,Yes,Yes,Yes
680,2012-08-15,12:00,21,T,Ho,13,-150,-175,-163,Russian corer,530.93,79.8,0.15,7.93,2.6,53.42,20.5,4.46,,7.7,,,,162010,-26.35,-484.2,0.5197,5255,6007,5929,6177,2.44,49.91,20.5,0.91,-26.13,3346.0,6.4,2.0,V0,1702.0,0.0,1.0,V1,2.7,1.0,V0,1.7,1.0,V0,1165.8,293.0,40.0,V0,251.4,9.0,1.0,V0,0.0,1.0,V1,37.0,10.0,V0,3.8,2.0,V0,618.2,0.0,2.5,V1,1422.4,1007.6,6.2,1.0,V0,Yes,Yes,Yes
681,2012-08-15,12:00,21,T,Ho,14,-175,-200,-188,Russian corer,530.93,103.6,0.2,6.09,2.03,41.93,20.7,4.66,,28.4,,,Mineral matter?,,,,,,,,,,,,,,5786.0,9.2,2.0,V0,1958.8,0.0,1.0,V1,8.3,1.0,V0,6.1,1.0,V0,2316.0,462.4,40.0,V0,534.2,19.9,1.0,V0,0.0,1.0,V1,52.5,10.0,V0,5.2,2.0,V0,644.2,0.0,2.5,V1,1413.6,573.2,7.2,1.0,V0,Yes,Yes,Yes
682,2011-12-15,12:00,21,T,Ho,15,-200,-250,-225,Russian corer,530.93,315.7,0.59,1.82,0.69,14.28,20.7,5.2,,79,,Mineral soil,Mineral soil,162011,-26.69,-597.5,0.4056,7250,8075,7984,8166,0.6,11.58,19.3,1.37,-26.71,17274.0,9.2,2.0,V0,1937.6,1.6,1.0,V1,30.6,1.0,V0,8.1,1.0,V0,7562.0,1522.2,40.0,V0,2468.0,69.0,1.0,V0,0.0,1.0,V1,127.2,10.0,V0,16.4,2.0,V0,655.4,0.0,2.5,V1,1007.6,1847.4,29.2,1.0,V0,Yes,Yes,Yes
